Command line invocation:
    /Applications/Xcode.app/Contents/Developer/usr/bin/xcodebuild -scheme Argus -destination "platform=iOS Simulator,id=DD439625-C73D-4D1A-9E8F-E99ADEE93CA0" clean build

Resolve Package Graph


Resolved source packages:
  SwiftyMarkdown: https://github.com/SimonFairbairn/SwiftyMarkdown.git @ 1.2.4

--- xcodebuild: WARNING: Using the first of multiple matching destinations:
{ platform:iOS Simulator, arch:arm64, id:DD439625-C73D-4D1A-9E8F-E99ADEE93CA0, OS:18.2, name:iPhone 16 Pro }
{ platform:iOS Simulator, arch:x86_64, id:DD439625-C73D-4D1A-9E8F-E99ADEE93CA0, OS:18.2, name:iPhone 16 Pro }
CreateBuildRequest

SendProjectDescription

CreateBuildOperation

** CLEAN SUCCEEDED **

--- xcodebuild: WARNING: Using the first of multiple matching destinations:
{ platform:iOS Simulator, arch:arm64, id:DD439625-C73D-4D1A-9E8F-E99ADEE93CA0, OS:18.2, name:iPhone 16 Pro }
{ platform:iOS Simulator, arch:x86_64, id:DD439625-C73D-4D1A-9E8F-E99ADEE93CA0, OS:18.2, name:iPhone 16 Pro }
ComputePackagePrebuildTargetDependencyGraph

Prepare packages

CreateBuildRequest

SendProjectDescription

CreateBuildOperation

ComputeTargetDependencyGraph
note: Building targets in dependency order
note: Target dependency graph (3 targets)
    Target 'Argus' in project 'Argus'
        ➜ Explicit dependency on target 'SwiftyMarkdown' in project 'SwiftyMarkdown'
    Target 'SwiftyMarkdown' in project 'SwiftyMarkdown'
        ➜ Explicit dependency on target 'SwiftyMarkdown' in project 'SwiftyMarkdown'
    Target 'SwiftyMarkdown' in project 'SwiftyMarkdown' (no dependencies)

GatherProvisioningInputs

CreateBuildDescription

ExecuteExternalTool /Applications/Xcode.app/Contents/Developer/Toolchains/XcodeDefault.xctoolchain/usr/bin/clang -v -E -dM -isysroot /Applications/Xcode.app/Contents/Developer/Platforms/iPhoneSimulator.platform/Developer/SDKs/iPhoneSimulator26.0.sdk -x c -c /dev/null

ExecuteExternalTool /Applications/Xcode.app/Contents/Developer/Toolchains/XcodeDefault.xctoolchain/usr/bin/swiftc --version

ExecuteExternalTool /Applications/Xcode.app/Contents/Developer/usr/bin/actool --print-asset-tag-combinations --output-format xml1 /Users/jandrews/devel/swift/Argus-app/Argus/Preview Content/Preview Assets.xcassets /Users/jandrews/devel/swift/Argus-app/Argus/Assets.xcassets

ExecuteExternalTool /Applications/Xcode.app/Contents/Developer/usr/bin/actool --version --output-format xml1

ExecuteExternalTool /Applications/Xcode.app/Contents/Developer/Toolchains/XcodeDefault.xctoolchain/usr/bin/ld -version_details

Build description signature: ade2329d18a8bfcd48fb2c351884757e
Build description path: /Users/jandrews/Library/Developer/Xcode/DerivedData/Argus-dciofsjewcrtqnafhqonvosebghg/Build/Intermediates.noindex/XCBuildData/ade2329d18a8bfcd48fb2c351884757e.xcbuilddata
ClangStatCache /Applications/Xcode.app/Contents/Developer/Toolchains/XcodeDefault.xctoolchain/usr/bin/clang-stat-cache /Applications/Xcode.app/Contents/Developer/Platforms/iPhoneSimulator.platform/Developer/SDKs/iPhoneSimulator26.0.sdk /Users/jandrews/Library/Developer/Xcode/DerivedData/SDKStatCaches.noindex/iphonesimulator26.0-23A339-26257891a6c027eb51374368541b8346.sdkstatcache
    cd /Users/jandrews/devel/swift/Argus-app/Argus.xcodeproj
    /Applications/Xcode.app/Contents/Developer/Toolchains/XcodeDefault.xctoolchain/usr/bin/clang-stat-cache /Applications/Xcode.app/Contents/Developer/Platforms/iPhoneSimulator.platform/Developer/SDKs/iPhoneSimulator26.0.sdk -o /Users/jandrews/Library/Developer/Xcode/DerivedData/SDKStatCaches.noindex/iphonesimulator26.0-23A339-26257891a6c027eb51374368541b8346.sdkstatcache

CreateBuildDirectory /Users/jandrews/Library/Developer/Xcode/DerivedData/Argus-dciofsjewcrtqnafhqonvosebghg/Build/Products
    cd /Users/jandrews/devel/swift/Argus-app/Argus.xcodeproj
    builtin-create-build-directory /Users/jandrews/Library/Developer/Xcode/DerivedData/Argus-dciofsjewcrtqnafhqonvosebghg/Build/Products

CreateBuildDirectory /Users/jandrews/Library/Developer/Xcode/DerivedData/Argus-dciofsjewcrtqnafhqonvosebghg/Build/Intermediates.noindex
    cd /Users/jandrews/devel/swift/Argus-app/Argus.xcodeproj
    builtin-create-build-directory /Users/jandrews/Library/Developer/Xcode/DerivedData/Argus-dciofsjewcrtqnafhqonvosebghg/Build/Intermediates.noindex

CreateBuildDirectory /Users/jandrews/Library/Developer/Xcode/DerivedData/Argus-dciofsjewcrtqnafhqonvosebghg/Build/Intermediates.noindex/SwiftExplicitPrecompiledModules
    cd /Users/jandrews/devel/swift/Argus-app/Argus.xcodeproj
    builtin-create-build-directory /Users/jandrews/Library/Developer/Xcode/DerivedData/Argus-dciofsjewcrtqnafhqonvosebghg/Build/Intermediates.noindex/SwiftExplicitPrecompiledModules

CreateBuildDirectory /Users/jandrews/Library/Developer/Xcode/DerivedData/Argus-dciofsjewcrtqnafhqonvosebghg/Build/Intermediates.noindex/ExplicitPrecompiledModules
    cd /Users/jandrews/devel/swift/Argus-app/Argus.xcodeproj
    builtin-create-build-directory /Users/jandrews/Library/Developer/Xcode/DerivedData/Argus-dciofsjewcrtqnafhqonvosebghg/Build/Intermediates.noindex/ExplicitPrecompiledModules

CreateBuildDirectory /Users/jandrews/Library/Developer/Xcode/DerivedData/Argus-dciofsjewcrtqnafhqonvosebghg/Build/Intermediates.noindex/EagerLinkingTBDs/Debug-iphonesimulator
    cd /Users/jandrews/devel/swift/Argus-app/Argus.xcodeproj
    builtin-create-build-directory /Users/jandrews/Library/Developer/Xcode/DerivedData/Argus-dciofsjewcrtqnafhqonvosebghg/Build/Intermediates.noindex/EagerLinkingTBDs/Debug-iphonesimulator

CreateBuildDirectory /Users/jandrews/Library/Developer/Xcode/DerivedData/Argus-dciofsjewcrtqnafhqonvosebghg/Build/Products/Debug-iphonesimulator
    cd /Users/jandrews/devel/swift/Argus-app/Argus.xcodeproj
    builtin-create-build-directory /Users/jandrews/Library/Developer/Xcode/DerivedData/Argus-dciofsjewcrtqnafhqonvosebghg/Build/Products/Debug-iphonesimulator

WriteAuxiliaryFile /Users/jandrews/Library/Developer/Xcode/DerivedData/Argus-dciofsjewcrtqnafhqonvosebghg/Build/Intermediates.noindex/Argus.build/Debug-iphonesimulator/Argus-d16f32cc8be5b21acd5f474e97425566-VFS-iphonesimulator/all-product-headers.yaml
    cd /Users/jandrews/devel/swift/Argus-app/Argus.xcodeproj
    write-file /Users/jandrews/Library/Developer/Xcode/DerivedData/Argus-dciofsjewcrtqnafhqonvosebghg/Build/Intermediates.noindex/Argus.build/Debug-iphonesimulator/Argus-d16f32cc8be5b21acd5f474e97425566-VFS-iphonesimulator/all-product-headers.yaml

CreateBuildDirectory /Users/jandrews/Library/Developer/Xcode/DerivedData/Argus-dciofsjewcrtqnafhqonvosebghg/Build/Products/Debug-iphonesimulator/PackageFrameworks
    cd /Users/jandrews/devel/swift/Argus-app/Argus.xcodeproj
    builtin-create-build-directory /Users/jandrews/Library/Developer/Xcode/DerivedData/Argus-dciofsjewcrtqnafhqonvosebghg/Build/Products/Debug-iphonesimulator/PackageFrameworks

WriteAuxiliaryFile /Users/jandrews/Library/Developer/Xcode/DerivedData/Argus-dciofsjewcrtqnafhqonvosebghg/Build/Intermediates.noindex/Argus.build/Debug-iphonesimulator/Argus.build/Argus-DebugDylibInstallName-normal-arm64.txt (in target 'Argus' from project 'Argus')
    cd /Users/jandrews/devel/swift/Argus-app
    write-file /Users/jandrews/Library/Developer/Xcode/DerivedData/Argus-dciofsjewcrtqnafhqonvosebghg/Build/Intermediates.noindex/Argus.build/Debug-iphonesimulator/Argus.build/Argus-DebugDylibInstallName-normal-arm64.txt

WriteAuxiliaryFile /Users/jandrews/Library/Developer/Xcode/DerivedData/Argus-dciofsjewcrtqnafhqonvosebghg/Build/Intermediates.noindex/Argus.build/Debug-iphonesimulator/Argus.build/Argus-project-headers.hmap (in target 'Argus' from project 'Argus')
    cd /Users/jandrews/devel/swift/Argus-app
    write-file /Users/jandrews/Library/Developer/Xcode/DerivedData/Argus-dciofsjewcrtqnafhqonvosebghg/Build/Intermediates.noindex/Argus.build/Debug-iphonesimulator/Argus.build/Argus-project-headers.hmap

WriteAuxiliaryFile /Users/jandrews/Library/Developer/Xcode/DerivedData/Argus-dciofsjewcrtqnafhqonvosebghg/Build/Intermediates.noindex/Argus.build/Debug-iphonesimulator/Argus.build/Argus.hmap (in target 'Argus' from project 'Argus')
    cd /Users/jandrews/devel/swift/Argus-app
    write-file /Users/jandrews/Library/Developer/Xcode/DerivedData/Argus-dciofsjewcrtqnafhqonvosebghg/Build/Intermediates.noindex/Argus.build/Debug-iphonesimulator/Argus.build/Argus.hmap

WriteAuxiliaryFile /Users/jandrews/Library/Developer/Xcode/DerivedData/Argus-dciofsjewcrtqnafhqonvosebghg/Build/Intermediates.noindex/Argus.build/Debug-iphonesimulator/Argus.build/Argus-own-target-headers.hmap (in target 'Argus' from project 'Argus')
    cd /Users/jandrews/devel/swift/Argus-app
    write-file /Users/jandrews/Library/Developer/Xcode/DerivedData/Argus-dciofsjewcrtqnafhqonvosebghg/Build/Intermediates.noindex/Argus.build/Debug-iphonesimulator/Argus.build/Argus-own-target-headers.hmap

WriteAuxiliaryFile /Users/jandrews/Library/Developer/Xcode/DerivedData/Argus-dciofsjewcrtqnafhqonvosebghg/Build/Intermediates.noindex/Argus.build/Debug-iphonesimulator/Argus.build/Argus-all-non-framework-target-headers.hmap (in target 'Argus' from project 'Argus')
    cd /Users/jandrews/devel/swift/Argus-app
    write-file /Users/jandrews/Library/Developer/Xcode/DerivedData/Argus-dciofsjewcrtqnafhqonvosebghg/Build/Intermediates.noindex/Argus.build/Debug-iphonesimulator/Argus.build/Argus-all-non-framework-target-headers.hmap

WriteAuxiliaryFile /Users/jandrews/Library/Developer/Xcode/DerivedData/Argus-dciofsjewcrtqnafhqonvosebghg/Build/Intermediates.noindex/Argus.build/Debug-iphonesimulator/Argus.build/Argus-all-target-headers.hmap (in target 'Argus' from project 'Argus')
    cd /Users/jandrews/devel/swift/Argus-app
    write-file /Users/jandrews/Library/Developer/Xcode/DerivedData/Argus-dciofsjewcrtqnafhqonvosebghg/Build/Intermediates.noindex/Argus.build/Debug-iphonesimulator/Argus.build/Argus-all-target-headers.hmap

WriteAuxiliaryFile /Users/jandrews/Library/Developer/Xcode/DerivedData/Argus-dciofsjewcrtqnafhqonvosebghg/Build/Intermediates.noindex/Argus.build/Debug-iphonesimulator/Argus.build/Argus-DebugDylibPath-normal-arm64.txt (in target 'Argus' from project 'Argus')
    cd /Users/jandrews/devel/swift/Argus-app
    write-file /Users/jandrews/Library/Developer/Xcode/DerivedData/Argus-dciofsjewcrtqnafhqonvosebghg/Build/Intermediates.noindex/Argus.build/Debug-iphonesimulator/Argus.build/Argus-DebugDylibPath-normal-arm64.txt

WriteAuxiliaryFile /Users/jandrews/Library/Developer/Xcode/DerivedData/Argus-dciofsjewcrtqnafhqonvosebghg/Build/Intermediates.noindex/Argus.build/Debug-iphonesimulator/Argus.build/Argus-generated-files.hmap (in target 'Argus' from project 'Argus')
    cd /Users/jandrews/devel/swift/Argus-app
    write-file /Users/jandrews/Library/Developer/Xcode/DerivedData/Argus-dciofsjewcrtqnafhqonvosebghg/Build/Intermediates.noindex/Argus.build/Debug-iphonesimulator/Argus.build/Argus-generated-files.hmap

WriteAuxiliaryFile /Users/jandrews/Library/Developer/Xcode/DerivedData/Argus-dciofsjewcrtqnafhqonvosebghg/Build/Intermediates.noindex/Argus.build/Debug-iphonesimulator/Argus.build/DerivedSources/Entitlements-Simulated.plist (in target 'Argus' from project 'Argus')
    cd /Users/jandrews/devel/swift/Argus-app
    write-file /Users/jandrews/Library/Developer/Xcode/DerivedData/Argus-dciofsjewcrtqnafhqonvosebghg/Build/Intermediates.noindex/Argus.build/Debug-iphonesimulator/Argus.build/DerivedSources/Entitlements-Simulated.plist

WriteAuxiliaryFile /Users/jandrews/Library/Developer/Xcode/DerivedData/Argus-dciofsjewcrtqnafhqonvosebghg/Build/Intermediates.noindex/SwiftyMarkdown.build/Debug-iphonesimulator/SwiftyMarkdown.build/SwiftyMarkdown.DependencyStaticMetadataFileList (in target 'SwiftyMarkdown' from project 'SwiftyMarkdown')
    cd /Users/jandrews/Library/Developer/Xcode/DerivedData/Argus-dciofsjewcrtqnafhqonvosebghg/SourcePackages/checkouts/SwiftyMarkdown
    write-file /Users/jandrews/Library/Developer/Xcode/DerivedData/Argus-dciofsjewcrtqnafhqonvosebghg/Build/Intermediates.noindex/SwiftyMarkdown.build/Debug-iphonesimulator/SwiftyMarkdown.build/SwiftyMarkdown.DependencyStaticMetadataFileList

WriteAuxiliaryFile /Users/jandrews/Library/Developer/Xcode/DerivedData/Argus-dciofsjewcrtqnafhqonvosebghg/Build/Intermediates.noindex/SwiftyMarkdown.build/Debug-iphonesimulator/SwiftyMarkdown.build/SwiftyMarkdown.modulemap (in target 'SwiftyMarkdown' from project 'SwiftyMarkdown')
    cd /Users/jandrews/Library/Developer/Xcode/DerivedData/Argus-dciofsjewcrtqnafhqonvosebghg/SourcePackages/checkouts/SwiftyMarkdown
    write-file /Users/jandrews/Library/Developer/Xcode/DerivedData/Argus-dciofsjewcrtqnafhqonvosebghg/Build/Intermediates.noindex/SwiftyMarkdown.build/Debug-iphonesimulator/SwiftyMarkdown.build/SwiftyMarkdown.modulemap

WriteAuxiliaryFile /Users/jandrews/Library/Developer/Xcode/DerivedData/Argus-dciofsjewcrtqnafhqonvosebghg/Build/Intermediates.noindex/SwiftyMarkdown.build/Debug-iphonesimulator/SwiftyMarkdown.build/SwiftyMarkdown.DependencyMetadataFileList (in target 'SwiftyMarkdown' from project 'SwiftyMarkdown')
    cd /Users/jandrews/Library/Developer/Xcode/DerivedData/Argus-dciofsjewcrtqnafhqonvosebghg/SourcePackages/checkouts/SwiftyMarkdown
    write-file /Users/jandrews/Library/Developer/Xcode/DerivedData/Argus-dciofsjewcrtqnafhqonvosebghg/Build/Intermediates.noindex/SwiftyMarkdown.build/Debug-iphonesimulator/SwiftyMarkdown.build/SwiftyMarkdown.DependencyMetadataFileList

WriteAuxiliaryFile /Users/jandrews/Library/Developer/Xcode/DerivedData/Argus-dciofsjewcrtqnafhqonvosebghg/Build/Intermediates.noindex/Argus.build/Debug-iphonesimulator/Argus.build/Objects-normal/arm64/Argus-OutputFileMap.json (in target 'Argus' from project 'Argus')
    cd /Users/jandrews/devel/swift/Argus-app
    write-file /Users/jandrews/Library/Developer/Xcode/DerivedData/Argus-dciofsjewcrtqnafhqonvosebghg/Build/Intermediates.noindex/Argus.build/Debug-iphonesimulator/Argus.build/Objects-normal/arm64/Argus-OutputFileMap.json

WriteAuxiliaryFile /Users/jandrews/Library/Developer/Xcode/DerivedData/Argus-dciofsjewcrtqnafhqonvosebghg/Build/Intermediates.noindex/Argus.build/Debug-iphonesimulator/Argus.build/Objects-normal/arm64/Argus_const_extract_protocols.json (in target 'Argus' from project 'Argus')
    cd /Users/jandrews/devel/swift/Argus-app
    write-file /Users/jandrews/Library/Developer/Xcode/DerivedData/Argus-dciofsjewcrtqnafhqonvosebghg/Build/Intermediates.noindex/Argus.build/Debug-iphonesimulator/Argus.build/Objects-normal/arm64/Argus_const_extract_protocols.json

WriteAuxiliaryFile /Users/jandrews/Library/Developer/Xcode/DerivedData/Argus-dciofsjewcrtqnafhqonvosebghg/Build/Intermediates.noindex/SwiftyMarkdown.build/Debug-iphonesimulator/SwiftyMarkdown.build/Objects-normal/arm64/SwiftyMarkdown_const_extract_protocols.json (in target 'SwiftyMarkdown' from project 'SwiftyMarkdown')
    cd /Users/jandrews/Library/Developer/Xcode/DerivedData/Argus-dciofsjewcrtqnafhqonvosebghg/SourcePackages/checkouts/SwiftyMarkdown
    write-file /Users/jandrews/Library/Developer/Xcode/DerivedData/Argus-dciofsjewcrtqnafhqonvosebghg/Build/Intermediates.noindex/SwiftyMarkdown.build/Debug-iphonesimulator/SwiftyMarkdown.build/Objects-normal/arm64/SwiftyMarkdown_const_extract_protocols.json

WriteAuxiliaryFile /Users/jandrews/Library/Developer/Xcode/DerivedData/Argus-dciofsjewcrtqnafhqonvosebghg/Build/Intermediates.noindex/SwiftyMarkdown.build/Debug-iphonesimulator/SwiftyMarkdown.build/Objects-normal/arm64/SwiftyMarkdown.SwiftFileList (in target 'SwiftyMarkdown' from project 'SwiftyMarkdown')
    cd /Users/jandrews/Library/Developer/Xcode/DerivedData/Argus-dciofsjewcrtqnafhqonvosebghg/SourcePackages/checkouts/SwiftyMarkdown
    write-file /Users/jandrews/Library/Developer/Xcode/DerivedData/Argus-dciofsjewcrtqnafhqonvosebghg/Build/Intermediates.noindex/SwiftyMarkdown.build/Debug-iphonesimulator/SwiftyMarkdown.build/Objects-normal/arm64/SwiftyMarkdown.SwiftFileList

WriteAuxiliaryFile /Users/jandrews/Library/Developer/Xcode/DerivedData/Argus-dciofsjewcrtqnafhqonvosebghg/Build/Intermediates.noindex/SwiftyMarkdown.build/Debug-iphonesimulator/SwiftyMarkdown.build/Objects-normal/arm64/SwiftyMarkdown.SwiftConstValuesFileList (in target 'SwiftyMarkdown' from project 'SwiftyMarkdown')
    cd /Users/jandrews/Library/Developer/Xcode/DerivedData/Argus-dciofsjewcrtqnafhqonvosebghg/SourcePackages/checkouts/SwiftyMarkdown
    write-file /Users/jandrews/Library/Developer/Xcode/DerivedData/Argus-dciofsjewcrtqnafhqonvosebghg/Build/Intermediates.noindex/SwiftyMarkdown.build/Debug-iphonesimulator/SwiftyMarkdown.build/Objects-normal/arm64/SwiftyMarkdown.SwiftConstValuesFileList

WriteAuxiliaryFile /Users/jandrews/Library/Developer/Xcode/DerivedData/Argus-dciofsjewcrtqnafhqonvosebghg/Build/Intermediates.noindex/SwiftyMarkdown.build/Debug-iphonesimulator/SwiftyMarkdown.build/Objects-normal/arm64/SwiftyMarkdown.LinkFileList (in target 'SwiftyMarkdown' from project 'SwiftyMarkdown')
    cd /Users/jandrews/Library/Developer/Xcode/DerivedData/Argus-dciofsjewcrtqnafhqonvosebghg/SourcePackages/checkouts/SwiftyMarkdown
    write-file /Users/jandrews/Library/Developer/Xcode/DerivedData/Argus-dciofsjewcrtqnafhqonvosebghg/Build/Intermediates.noindex/SwiftyMarkdown.build/Debug-iphonesimulator/SwiftyMarkdown.build/Objects-normal/arm64/SwiftyMarkdown.LinkFileList

WriteAuxiliaryFile /Users/jandrews/Library/Developer/Xcode/DerivedData/Argus-dciofsjewcrtqnafhqonvosebghg/Build/Intermediates.noindex/Argus.build/Debug-iphonesimulator/Argus.build/Objects-normal/arm64/Argus.SwiftFileList (in target 'Argus' from project 'Argus')
    cd /Users/jandrews/devel/swift/Argus-app
    write-file /Users/jandrews/Library/Developer/Xcode/DerivedData/Argus-dciofsjewcrtqnafhqonvosebghg/Build/Intermediates.noindex/Argus.build/Debug-iphonesimulator/Argus.build/Objects-normal/arm64/Argus.SwiftFileList

WriteAuxiliaryFile /Users/jandrews/Library/Developer/Xcode/DerivedData/Argus-dciofsjewcrtqnafhqonvosebghg/Build/Intermediates.noindex/SwiftyMarkdown.build/Debug-iphonesimulator/SwiftyMarkdown.build/Objects-normal/arm64/SwiftyMarkdown-OutputFileMap.json (in target 'SwiftyMarkdown' from project 'SwiftyMarkdown')
    cd /Users/jandrews/Library/Developer/Xcode/DerivedData/Argus-dciofsjewcrtqnafhqonvosebghg/SourcePackages/checkouts/SwiftyMarkdown
    write-file /Users/jandrews/Library/Developer/Xcode/DerivedData/Argus-dciofsjewcrtqnafhqonvosebghg/Build/Intermediates.noindex/SwiftyMarkdown.build/Debug-iphonesimulator/SwiftyMarkdown.build/Objects-normal/arm64/SwiftyMarkdown-OutputFileMap.json

WriteAuxiliaryFile /Users/jandrews/Library/Developer/Xcode/DerivedData/Argus-dciofsjewcrtqnafhqonvosebghg/Build/Intermediates.noindex/Argus.build/Debug-iphonesimulator/Argus.build/Objects-normal/arm64/Argus.SwiftConstValuesFileList (in target 'Argus' from project 'Argus')
    cd /Users/jandrews/devel/swift/Argus-app
    write-file /Users/jandrews/Library/Developer/Xcode/DerivedData/Argus-dciofsjewcrtqnafhqonvosebghg/Build/Intermediates.noindex/Argus.build/Debug-iphonesimulator/Argus.build/Objects-normal/arm64/Argus.SwiftConstValuesFileList

WriteAuxiliaryFile /Users/jandrews/Library/Developer/Xcode/DerivedData/Argus-dciofsjewcrtqnafhqonvosebghg/Build/Intermediates.noindex/Argus.build/Debug-iphonesimulator/Argus.build/Objects-normal/arm64/Argus.LinkFileList (in target 'Argus' from project 'Argus')
    cd /Users/jandrews/devel/swift/Argus-app
    write-file /Users/jandrews/Library/Developer/Xcode/DerivedData/Argus-dciofsjewcrtqnafhqonvosebghg/Build/Intermediates.noindex/Argus.build/Debug-iphonesimulator/Argus.build/Objects-normal/arm64/Argus.LinkFileList

WriteAuxiliaryFile /Users/jandrews/Library/Developer/Xcode/DerivedData/Argus-dciofsjewcrtqnafhqonvosebghg/Build/Intermediates.noindex/Argus.build/Debug-iphonesimulator/Argus.build/Argus.DependencyStaticMetadataFileList (in target 'Argus' from project 'Argus')
    cd /Users/jandrews/devel/swift/Argus-app
    write-file /Users/jandrews/Library/Developer/Xcode/DerivedData/Argus-dciofsjewcrtqnafhqonvosebghg/Build/Intermediates.noindex/Argus.build/Debug-iphonesimulator/Argus.build/Argus.DependencyStaticMetadataFileList

WriteAuxiliaryFile /Users/jandrews/Library/Developer/Xcode/DerivedData/Argus-dciofsjewcrtqnafhqonvosebghg/Build/Intermediates.noindex/Argus.build/Debug-iphonesimulator/Argus.build/Argus.DependencyMetadataFileList (in target 'Argus' from project 'Argus')
    cd /Users/jandrews/devel/swift/Argus-app
    write-file /Users/jandrews/Library/Developer/Xcode/DerivedData/Argus-dciofsjewcrtqnafhqonvosebghg/Build/Intermediates.noindex/Argus.build/Debug-iphonesimulator/Argus.build/Argus.DependencyMetadataFileList

MkDir /Users/jandrews/Library/Developer/Xcode/DerivedData/Argus-dciofsjewcrtqnafhqonvosebghg/Build/Products/Debug-iphonesimulator/Argus.app (in target 'Argus' from project 'Argus')
    cd /Users/jandrews/devel/swift/Argus-app
    /bin/mkdir -p /Users/jandrews/Library/Developer/Xcode/DerivedData/Argus-dciofsjewcrtqnafhqonvosebghg/Build/Products/Debug-iphonesimulator/Argus.app

Copy /Users/jandrews/Library/Developer/Xcode/DerivedData/Argus-dciofsjewcrtqnafhqonvosebghg/Build/Intermediates.noindex/GeneratedModuleMaps-iphonesimulator/SwiftyMarkdown.modulemap /Users/jandrews/Library/Developer/Xcode/DerivedData/Argus-dciofsjewcrtqnafhqonvosebghg/Build/Intermediates.noindex/SwiftyMarkdown.build/Debug-iphonesimulator/SwiftyMarkdown.build/SwiftyMarkdown.modulemap (in target 'SwiftyMarkdown' from project 'SwiftyMarkdown')
    cd /Users/jandrews/Library/Developer/Xcode/DerivedData/Argus-dciofsjewcrtqnafhqonvosebghg/SourcePackages/checkouts/SwiftyMarkdown
    builtin-copy -exclude .DS_Store -exclude CVS -exclude .svn -exclude .git -exclude .hg -resolve-src-symlinks /Users/jandrews/Library/Developer/Xcode/DerivedData/Argus-dciofsjewcrtqnafhqonvosebghg/Build/Intermediates.noindex/SwiftyMarkdown.build/Debug-iphonesimulator/SwiftyMarkdown.build/SwiftyMarkdown.modulemap /Users/jandrews/Library/Developer/Xcode/DerivedData/Argus-dciofsjewcrtqnafhqonvosebghg/Build/Intermediates.noindex/GeneratedModuleMaps-iphonesimulator

SwiftDriver SwiftyMarkdown normal arm64 com.apple.xcode.tools.swift.compiler (in target 'SwiftyMarkdown' from project 'SwiftyMarkdown')
    cd /Users/jandrews/devel/swift/Argus-app/Argus.xcodeproj
    builtin-SwiftDriver -- /Applications/Xcode.app/Contents/Developer/Toolchains/XcodeDefault.xctoolchain/usr/bin/swiftc -module-name SwiftyMarkdown -Onone -enforce-exclusivity\=checked @/Users/jandrews/Library/Developer/Xcode/DerivedData/Argus-dciofsjewcrtqnafhqonvosebghg/Build/Intermediates.noindex/SwiftyMarkdown.build/Debug-iphonesimulator/SwiftyMarkdown.build/Objects-normal/arm64/SwiftyMarkdown.SwiftFileList -DSWIFT_PACKAGE -DDEBUG -DSWIFT_MODULE_RESOURCE_BUNDLE_UNAVAILABLE -DXcode -plugin-path /Applications/Xcode.app/Contents/Developer/Toolchains/XcodeDefault.xctoolchain/usr/lib/swift/host/plugins/testing -enable-experimental-feature DebugDescriptionMacro -sdk /Applications/Xcode.app/Contents/Developer/Platforms/iPhoneSimulator.platform/Developer/SDKs/iPhoneSimulator26.0.sdk -target arm64-apple-ios12.0-simulator -g -module-cache-path /Users/jandrews/Library/Developer/Xcode/DerivedData/ModuleCache.noindex -Xfrontend -serialize-debugging-options -profile-coverage-mapping -profile-generate -enable-testing -suppress-warnings -index-store-path /Users/jandrews/Library/Developer/Xcode/DerivedData/Argus-dciofsjewcrtqnafhqonvosebghg/Index.noindex/DataStore -Xcc -D_LIBCPP_HARDENING_MODE\=_LIBCPP_HARDENING_MODE_DEBUG -swift-version 5 -I /Users/jandrews/Library/Developer/Xcode/DerivedData/Argus-dciofsjewcrtqnafhqonvosebghg/Build/Products/Debug-iphonesimulator -Isystem /Applications/Xcode.app/Contents/Developer/Platforms/iPhoneSimulator.platform/Developer/usr/lib -F /Users/jandrews/Library/Developer/Xcode/DerivedData/Argus-dciofsjewcrtqnafhqonvosebghg/Build/Products/Debug-iphonesimulator -F /Applications/Xcode.app/Contents/Developer/Platforms/iPhoneSimulator.platform/Developer/Library/Frameworks -F /Applications/Xcode.app/Contents/Developer/Platforms/iPhoneSimulator.platform/Developer/SDKs/iPhoneSimulator26.0.sdk/Developer/Library/Frameworks -c -j16 -enable-batch-mode -incremental -Xcc -ivfsstatcache -Xcc /Users/jandrews/Library/Developer/Xcode/DerivedData/SDKStatCaches.noindex/iphonesimulator26.0-23A339-26257891a6c027eb51374368541b8346.sdkstatcache -output-file-map /Users/jandrews/Library/Developer/Xcode/DerivedData/Argus-dciofsjewcrtqnafhqonvosebghg/Build/Intermediates.noindex/SwiftyMarkdown.build/Debug-iphonesimulator/SwiftyMarkdown.build/Objects-normal/arm64/SwiftyMarkdown-OutputFileMap.json -use-frontend-parseable-output -save-temps -no-color-diagnostics -explicit-module-build -module-cache-path /Users/jandrews/Library/Developer/Xcode/DerivedData/Argus-dciofsjewcrtqnafhqonvosebghg/Build/Intermediates.noindex/SwiftExplicitPrecompiledModules -clang-scanner-module-cache-path /Users/jandrews/Library/Developer/Xcode/DerivedData/ModuleCache.noindex -sdk-module-cache-path /Users/jandrews/Library/Developer/Xcode/DerivedData/ModuleCache.noindex -serialize-diagnostics -emit-dependencies -emit-module -emit-module-path /Users/jandrews/Library/Developer/Xcode/DerivedData/Argus-dciofsjewcrtqnafhqonvosebghg/Build/Intermediates.noindex/SwiftyMarkdown.build/Debug-iphonesimulator/SwiftyMarkdown.build/Objects-normal/arm64/SwiftyMarkdown.swiftmodule -validate-clang-modules-once -clang-build-session-file /Users/jandrews/Library/Developer/Xcode/DerivedData/ModuleCache.noindex/Session.modulevalidation -Xcc -I/Users/jandrews/Library/Developer/Xcode/DerivedData/Argus-dciofsjewcrtqnafhqonvosebghg/Build/Intermediates.noindex/SwiftyMarkdown.build/Debug-iphonesimulator/SwiftyMarkdown.build/swift-overrides.hmap -emit-const-values -Xfrontend -const-gather-protocols-file -Xfrontend /Users/jandrews/Library/Developer/Xcode/DerivedData/Argus-dciofsjewcrtqnafhqonvosebghg/Build/Intermediates.noindex/SwiftyMarkdown.build/Debug-iphonesimulator/SwiftyMarkdown.build/Objects-normal/arm64/SwiftyMarkdown_const_extract_protocols.json -Xcc -I/Users/jandrews/Library/Developer/Xcode/DerivedData/Argus-dciofsjewcrtqnafhqonvosebghg/Build/Products/Debug-iphonesimulator/include -Xcc -I/Users/jandrews/Library/Developer/Xcode/DerivedData/Argus-dciofsjewcrtqnafhqonvosebghg/Build/Intermediates.noindex/SwiftyMarkdown.build/Debug-iphonesimulator/SwiftyMarkdown.build/DerivedSources-normal/arm64 -Xcc -I/Users/jandrews/Library/Developer/Xcode/DerivedData/Argus-dciofsjewcrtqnafhqonvosebghg/Build/Intermediates.noindex/SwiftyMarkdown.build/Debug-iphonesimulator/SwiftyMarkdown.build/DerivedSources/arm64 -Xcc -I/Users/jandrews/Library/Developer/Xcode/DerivedData/Argus-dciofsjewcrtqnafhqonvosebghg/Build/Intermediates.noindex/SwiftyMarkdown.build/Debug-iphonesimulator/SwiftyMarkdown.build/DerivedSources -Xcc -DSWIFT_PACKAGE -Xcc -DDEBUG\=1 -emit-objc-header -emit-objc-header-path /Users/jandrews/Library/Developer/Xcode/DerivedData/Argus-dciofsjewcrtqnafhqonvosebghg/Build/Intermediates.noindex/SwiftyMarkdown.build/Debug-iphonesimulator/SwiftyMarkdown.build/Objects-normal/arm64/SwiftyMarkdown-Swift.h -working-directory /Users/jandrews/devel/swift/Argus-app/Argus.xcodeproj -experimental-emit-module-separately -disable-cmo

SwiftCompile normal arm64 Compiling\ PerfomanceLog.swift /Users/jandrews/Library/Developer/Xcode/DerivedData/Argus-dciofsjewcrtqnafhqonvosebghg/SourcePackages/checkouts/SwiftyMarkdown/Sources/SwiftyMarkdown/PerfomanceLog.swift (in target 'SwiftyMarkdown' from project 'SwiftyMarkdown')

SwiftCompile normal arm64 /Users/jandrews/Library/Developer/Xcode/DerivedData/Argus-dciofsjewcrtqnafhqonvosebghg/SourcePackages/checkouts/SwiftyMarkdown/Sources/SwiftyMarkdown/PerfomanceLog.swift (in target 'SwiftyMarkdown' from project 'SwiftyMarkdown')
    cd /Users/jandrews/devel/swift/Argus-app/Argus.xcodeproj
    

SwiftCompile normal arm64 Compiling\ CharacterRule.swift /Users/jandrews/Library/Developer/Xcode/DerivedData/Argus-dciofsjewcrtqnafhqonvosebghg/SourcePackages/checkouts/SwiftyMarkdown/Sources/SwiftyMarkdown/CharacterRule.swift (in target 'SwiftyMarkdown' from project 'SwiftyMarkdown')
SwiftCompile normal arm64 /Users/jandrews/Library/Developer/Xcode/DerivedData/Argus-dciofsjewcrtqnafhqonvosebghg/SourcePackages/checkouts/SwiftyMarkdown/Sources/SwiftyMarkdown/CharacterRule.swift (in target 'SwiftyMarkdown' from project 'SwiftyMarkdown')
    cd /Users/jandrews/devel/swift/Argus-app/Argus.xcodeproj
    

SwiftCompile normal arm64 Compiling\ String+SwiftyMarkdown.swift /Users/jandrews/Library/Developer/Xcode/DerivedData/Argus-dciofsjewcrtqnafhqonvosebghg/SourcePackages/checkouts/SwiftyMarkdown/Sources/SwiftyMarkdown/String+SwiftyMarkdown.swift (in target 'SwiftyMarkdown' from project 'SwiftyMarkdown')

SwiftCompile normal arm64 /Users/jandrews/Library/Developer/Xcode/DerivedData/Argus-dciofsjewcrtqnafhqonvosebghg/SourcePackages/checkouts/SwiftyMarkdown/Sources/SwiftyMarkdown/String+SwiftyMarkdown.swift (in target 'SwiftyMarkdown' from project 'SwiftyMarkdown')
    cd /Users/jandrews/devel/swift/Argus-app/Argus.xcodeproj
    

SwiftCompile normal arm64 Compiling\ SwiftyMarkdown+macOS.swift /Users/jandrews/Library/Developer/Xcode/DerivedData/Argus-dciofsjewcrtqnafhqonvosebghg/SourcePackages/checkouts/SwiftyMarkdown/Sources/SwiftyMarkdown/SwiftyMarkdown+macOS.swift (in target 'SwiftyMarkdown' from project 'SwiftyMarkdown')

SwiftCompile normal arm64 /Users/jandrews/Library/Developer/Xcode/DerivedData/Argus-dciofsjewcrtqnafhqonvosebghg/SourcePackages/checkouts/SwiftyMarkdown/Sources/SwiftyMarkdown/SwiftyMarkdown+macOS.swift (in target 'SwiftyMarkdown' from project 'SwiftyMarkdown')
    cd /Users/jandrews/devel/swift/Argus-app/Argus.xcodeproj
    

SwiftCompile normal arm64 Compiling\ SwiftyScanner.swift /Users/jandrews/Library/Developer/Xcode/DerivedData/Argus-dciofsjewcrtqnafhqonvosebghg/SourcePackages/checkouts/SwiftyMarkdown/Sources/SwiftyMarkdown/SwiftyScanner.swift (in target 'SwiftyMarkdown' from project 'SwiftyMarkdown')
SwiftCompile normal arm64 /Users/jandrews/Library/Developer/Xcode/DerivedData/Argus-dciofsjewcrtqnafhqonvosebghg/SourcePackages/checkouts/SwiftyMarkdown/Sources/SwiftyMarkdown/SwiftyScanner.swift (in target 'SwiftyMarkdown' from project 'SwiftyMarkdown')
    cd /Users/jandrews/devel/swift/Argus-app/Argus.xcodeproj
    

SwiftCompile normal arm64 Compiling\ Token.swift /Users/jandrews/Library/Developer/Xcode/DerivedData/Argus-dciofsjewcrtqnafhqonvosebghg/SourcePackages/checkouts/SwiftyMarkdown/Sources/SwiftyMarkdown/Token.swift (in target 'SwiftyMarkdown' from project 'SwiftyMarkdown')

SwiftCompile normal arm64 /Users/jandrews/Library/Developer/Xcode/DerivedData/Argus-dciofsjewcrtqnafhqonvosebghg/SourcePackages/checkouts/SwiftyMarkdown/Sources/SwiftyMarkdown/Token.swift (in target 'SwiftyMarkdown' from project 'SwiftyMarkdown')
    cd /Users/jandrews/devel/swift/Argus-app/Argus.xcodeproj
    

SwiftEmitModule normal arm64 Emitting\ module\ for\ SwiftyMarkdown (in target 'SwiftyMarkdown' from project 'SwiftyMarkdown')

EmitSwiftModule normal arm64 (in target 'SwiftyMarkdown' from project 'SwiftyMarkdown')
    cd /Users/jandrews/devel/swift/Argus-app/Argus.xcodeproj
    

SwiftCompile normal arm64 Compiling\ SwiftyLineProcessor.swift /Users/jandrews/Library/Developer/Xcode/DerivedData/Argus-dciofsjewcrtqnafhqonvosebghg/SourcePackages/checkouts/SwiftyMarkdown/Sources/SwiftyMarkdown/SwiftyLineProcessor.swift (in target 'SwiftyMarkdown' from project 'SwiftyMarkdown')

SwiftCompile normal arm64 /Users/jandrews/Library/Developer/Xcode/DerivedData/Argus-dciofsjewcrtqnafhqonvosebghg/SourcePackages/checkouts/SwiftyMarkdown/Sources/SwiftyMarkdown/SwiftyLineProcessor.swift (in target 'SwiftyMarkdown' from project 'SwiftyMarkdown')
    cd /Users/jandrews/devel/swift/Argus-app/Argus.xcodeproj
    

SwiftCompile normal arm64 Compiling\ SwiftyMarkdown+iOS.swift /Users/jandrews/Library/Developer/Xcode/DerivedData/Argus-dciofsjewcrtqnafhqonvosebghg/SourcePackages/checkouts/SwiftyMarkdown/Sources/SwiftyMarkdown/SwiftyMarkdown+iOS.swift (in target 'SwiftyMarkdown' from project 'SwiftyMarkdown')

SwiftCompile normal arm64 /Users/jandrews/Library/Developer/Xcode/DerivedData/Argus-dciofsjewcrtqnafhqonvosebghg/SourcePackages/checkouts/SwiftyMarkdown/Sources/SwiftyMarkdown/SwiftyMarkdown+iOS.swift (in target 'SwiftyMarkdown' from project 'SwiftyMarkdown')
    cd /Users/jandrews/devel/swift/Argus-app/Argus.xcodeproj
    

SwiftCompile normal arm64 Compiling\ SwiftyMarkdown.swift /Users/jandrews/Library/Developer/Xcode/DerivedData/Argus-dciofsjewcrtqnafhqonvosebghg/SourcePackages/checkouts/SwiftyMarkdown/Sources/SwiftyMarkdown/SwiftyMarkdown.swift (in target 'SwiftyMarkdown' from project 'SwiftyMarkdown')
SwiftCompile normal arm64 /Users/jandrews/Library/Developer/Xcode/DerivedData/Argus-dciofsjewcrtqnafhqonvosebghg/SourcePackages/checkouts/SwiftyMarkdown/Sources/SwiftyMarkdown/SwiftyMarkdown.swift (in target 'SwiftyMarkdown' from project 'SwiftyMarkdown')
    cd /Users/jandrews/devel/swift/Argus-app/Argus.xcodeproj
    

SwiftCompile normal arm64 Compiling\ SwiftyTokeniser.swift /Users/jandrews/Library/Developer/Xcode/DerivedData/Argus-dciofsjewcrtqnafhqonvosebghg/SourcePackages/checkouts/SwiftyMarkdown/Sources/SwiftyMarkdown/SwiftyTokeniser.swift (in target 'SwiftyMarkdown' from project 'SwiftyMarkdown')

SwiftCompile normal arm64 /Users/jandrews/Library/Developer/Xcode/DerivedData/Argus-dciofsjewcrtqnafhqonvosebghg/SourcePackages/checkouts/SwiftyMarkdown/Sources/SwiftyMarkdown/SwiftyTokeniser.swift (in target 'SwiftyMarkdown' from project 'SwiftyMarkdown')
    cd /Users/jandrews/devel/swift/Argus-app/Argus.xcodeproj
    

SwiftDriverJobDiscovery normal arm64 Compiling SwiftyMarkdown+macOS.swift (in target 'SwiftyMarkdown' from project 'SwiftyMarkdown')

SwiftDriverJobDiscovery normal arm64 Compiling PerfomanceLog.swift (in target 'SwiftyMarkdown' from project 'SwiftyMarkdown')

SwiftDriverJobDiscovery normal arm64 Compiling String+SwiftyMarkdown.swift (in target 'SwiftyMarkdown' from project 'SwiftyMarkdown')

SwiftDriverJobDiscovery normal arm64 Compiling Token.swift (in target 'SwiftyMarkdown' from project 'SwiftyMarkdown')

SwiftDriverJobDiscovery normal arm64 Compiling CharacterRule.swift (in target 'SwiftyMarkdown' from project 'SwiftyMarkdown')

SwiftDriverJobDiscovery normal arm64 Emitting module for SwiftyMarkdown (in target 'SwiftyMarkdown' from project 'SwiftyMarkdown')

SwiftDriver\ Compilation\ Requirements SwiftyMarkdown normal arm64 com.apple.xcode.tools.swift.compiler (in target 'SwiftyMarkdown' from project 'SwiftyMarkdown')
    cd /Users/jandrews/devel/swift/Argus-app/Argus.xcodeproj
    builtin-Swift-Compilation-Requirements -- /Applications/Xcode.app/Contents/Developer/Toolchains/XcodeDefault.xctoolchain/usr/bin/swiftc -module-name SwiftyMarkdown -Onone -enforce-exclusivity\=checked @/Users/jandrews/Library/Developer/Xcode/DerivedData/Argus-dciofsjewcrtqnafhqonvosebghg/Build/Intermediates.noindex/SwiftyMarkdown.build/Debug-iphonesimulator/SwiftyMarkdown.build/Objects-normal/arm64/SwiftyMarkdown.SwiftFileList -DSWIFT_PACKAGE -DDEBUG -DSWIFT_MODULE_RESOURCE_BUNDLE_UNAVAILABLE -DXcode -plugin-path /Applications/Xcode.app/Contents/Developer/Toolchains/XcodeDefault.xctoolchain/usr/lib/swift/host/plugins/testing -enable-experimental-feature DebugDescriptionMacro -sdk /Applications/Xcode.app/Contents/Developer/Platforms/iPhoneSimulator.platform/Developer/SDKs/iPhoneSimulator26.0.sdk -target arm64-apple-ios12.0-simulator -g -module-cache-path /Users/jandrews/Library/Developer/Xcode/DerivedData/ModuleCache.noindex -Xfrontend -serialize-debugging-options -profile-coverage-mapping -profile-generate -enable-testing -suppress-warnings -index-store-path /Users/jandrews/Library/Developer/Xcode/DerivedData/Argus-dciofsjewcrtqnafhqonvosebghg/Index.noindex/DataStore -Xcc -D_LIBCPP_HARDENING_MODE\=_LIBCPP_HARDENING_MODE_DEBUG -swift-version 5 -I /Users/jandrews/Library/Developer/Xcode/DerivedData/Argus-dciofsjewcrtqnafhqonvosebghg/Build/Products/Debug-iphonesimulator -Isystem /Applications/Xcode.app/Contents/Developer/Platforms/iPhoneSimulator.platform/Developer/usr/lib -F /Users/jandrews/Library/Developer/Xcode/DerivedData/Argus-dciofsjewcrtqnafhqonvosebghg/Build/Products/Debug-iphonesimulator -F /Applications/Xcode.app/Contents/Developer/Platforms/iPhoneSimulator.platform/Developer/Library/Frameworks -F /Applications/Xcode.app/Contents/Developer/Platforms/iPhoneSimulator.platform/Developer/SDKs/iPhoneSimulator26.0.sdk/Developer/Library/Frameworks -c -j16 -enable-batch-mode -incremental -Xcc -ivfsstatcache -Xcc /Users/jandrews/Library/Developer/Xcode/DerivedData/SDKStatCaches.noindex/iphonesimulator26.0-23A339-26257891a6c027eb51374368541b8346.sdkstatcache -output-file-map /Users/jandrews/Library/Developer/Xcode/DerivedData/Argus-dciofsjewcrtqnafhqonvosebghg/Build/Intermediates.noindex/SwiftyMarkdown.build/Debug-iphonesimulator/SwiftyMarkdown.build/Objects-normal/arm64/SwiftyMarkdown-OutputFileMap.json -use-frontend-parseable-output -save-temps -no-color-diagnostics -explicit-module-build -module-cache-path /Users/jandrews/Library/Developer/Xcode/DerivedData/Argus-dciofsjewcrtqnafhqonvosebghg/Build/Intermediates.noindex/SwiftExplicitPrecompiledModules -clang-scanner-module-cache-path /Users/jandrews/Library/Developer/Xcode/DerivedData/ModuleCache.noindex -sdk-module-cache-path /Users/jandrews/Library/Developer/Xcode/DerivedData/ModuleCache.noindex -serialize-diagnostics -emit-dependencies -emit-module -emit-module-path /Users/jandrews/Library/Developer/Xcode/DerivedData/Argus-dciofsjewcrtqnafhqonvosebghg/Build/Intermediates.noindex/SwiftyMarkdown.build/Debug-iphonesimulator/SwiftyMarkdown.build/Objects-normal/arm64/SwiftyMarkdown.swiftmodule -validate-clang-modules-once -clang-build-session-file /Users/jandrews/Library/Developer/Xcode/DerivedData/ModuleCache.noindex/Session.modulevalidation -Xcc -I/Users/jandrews/Library/Developer/Xcode/DerivedData/Argus-dciofsjewcrtqnafhqonvosebghg/Build/Intermediates.noindex/SwiftyMarkdown.build/Debug-iphonesimulator/SwiftyMarkdown.build/swift-overrides.hmap -emit-const-values -Xfrontend -const-gather-protocols-file -Xfrontend /Users/jandrews/Library/Developer/Xcode/DerivedData/Argus-dciofsjewcrtqnafhqonvosebghg/Build/Intermediates.noindex/SwiftyMarkdown.build/Debug-iphonesimulator/SwiftyMarkdown.build/Objects-normal/arm64/SwiftyMarkdown_const_extract_protocols.json -Xcc -I/Users/jandrews/Library/Developer/Xcode/DerivedData/Argus-dciofsjewcrtqnafhqonvosebghg/Build/Products/Debug-iphonesimulator/include -Xcc -I/Users/jandrews/Library/Developer/Xcode/DerivedData/Argus-dciofsjewcrtqnafhqonvosebghg/Build/Intermediates.noindex/SwiftyMarkdown.build/Debug-iphonesimulator/SwiftyMarkdown.build/DerivedSources-normal/arm64 -Xcc -I/Users/jandrews/Library/Developer/Xcode/DerivedData/Argus-dciofsjewcrtqnafhqonvosebghg/Build/Intermediates.noindex/SwiftyMarkdown.build/Debug-iphonesimulator/SwiftyMarkdown.build/DerivedSources/arm64 -Xcc -I/Users/jandrews/Library/Developer/Xcode/DerivedData/Argus-dciofsjewcrtqnafhqonvosebghg/Build/Intermediates.noindex/SwiftyMarkdown.build/Debug-iphonesimulator/SwiftyMarkdown.build/DerivedSources -Xcc -DSWIFT_PACKAGE -Xcc -DDEBUG\=1 -emit-objc-header -emit-objc-header-path /Users/jandrews/Library/Developer/Xcode/DerivedData/Argus-dciofsjewcrtqnafhqonvosebghg/Build/Intermediates.noindex/SwiftyMarkdown.build/Debug-iphonesimulator/SwiftyMarkdown.build/Objects-normal/arm64/SwiftyMarkdown-Swift.h -working-directory /Users/jandrews/devel/swift/Argus-app/Argus.xcodeproj -experimental-emit-module-separately -disable-cmo

SwiftMergeGeneratedHeaders /Users/jandrews/Library/Developer/Xcode/DerivedData/Argus-dciofsjewcrtqnafhqonvosebghg/Build/Intermediates.noindex/GeneratedModuleMaps-iphonesimulator/SwiftyMarkdown-Swift.h /Users/jandrews/Library/Developer/Xcode/DerivedData/Argus-dciofsjewcrtqnafhqonvosebghg/Build/Intermediates.noindex/SwiftyMarkdown.build/Debug-iphonesimulator/SwiftyMarkdown.build/Objects-normal/arm64/SwiftyMarkdown-Swift.h (in target 'SwiftyMarkdown' from project 'SwiftyMarkdown')
    cd /Users/jandrews/Library/Developer/Xcode/DerivedData/Argus-dciofsjewcrtqnafhqonvosebghg/SourcePackages/checkouts/SwiftyMarkdown
    builtin-swiftHeaderTool -arch arm64 /Users/jandrews/Library/Developer/Xcode/DerivedData/Argus-dciofsjewcrtqnafhqonvosebghg/Build/Intermediates.noindex/SwiftyMarkdown.build/Debug-iphonesimulator/SwiftyMarkdown.build/Objects-normal/arm64/SwiftyMarkdown-Swift.h -o /Users/jandrews/Library/Developer/Xcode/DerivedData/Argus-dciofsjewcrtqnafhqonvosebghg/Build/Intermediates.noindex/GeneratedModuleMaps-iphonesimulator/SwiftyMarkdown-Swift.h

Copy /Users/jandrews/Library/Developer/Xcode/DerivedData/Argus-dciofsjewcrtqnafhqonvosebghg/Build/Products/Debug-iphonesimulator/SwiftyMarkdown.swiftmodule/arm64-apple-ios-simulator.abi.json /Users/jandrews/Library/Developer/Xcode/DerivedData/Argus-dciofsjewcrtqnafhqonvosebghg/Build/Intermediates.noindex/SwiftyMarkdown.build/Debug-iphonesimulator/SwiftyMarkdown.build/Objects-normal/arm64/SwiftyMarkdown.abi.json (in target 'SwiftyMarkdown' from project 'SwiftyMarkdown')
    cd /Users/jandrews/Library/Developer/Xcode/DerivedData/Argus-dciofsjewcrtqnafhqonvosebghg/SourcePackages/checkouts/SwiftyMarkdown
    builtin-copy -exclude .DS_Store -exclude CVS -exclude .svn -exclude .git -exclude .hg -resolve-src-symlinks -rename /Users/jandrews/Library/Developer/Xcode/DerivedData/Argus-dciofsjewcrtqnafhqonvosebghg/Build/Intermediates.noindex/SwiftyMarkdown.build/Debug-iphonesimulator/SwiftyMarkdown.build/Objects-normal/arm64/SwiftyMarkdown.abi.json /Users/jandrews/Library/Developer/Xcode/DerivedData/Argus-dciofsjewcrtqnafhqonvosebghg/Build/Products/Debug-iphonesimulator/SwiftyMarkdown.swiftmodule/arm64-apple-ios-simulator.abi.json

Copy /Users/jandrews/Library/Developer/Xcode/DerivedData/Argus-dciofsjewcrtqnafhqonvosebghg/Build/Products/Debug-iphonesimulator/SwiftyMarkdown.swiftmodule/arm64-apple-ios-simulator.swiftmodule /Users/jandrews/Library/Developer/Xcode/DerivedData/Argus-dciofsjewcrtqnafhqonvosebghg/Build/Intermediates.noindex/SwiftyMarkdown.build/Debug-iphonesimulator/SwiftyMarkdown.build/Objects-normal/arm64/SwiftyMarkdown.swiftmodule (in target 'SwiftyMarkdown' from project 'SwiftyMarkdown')
    cd /Users/jandrews/Library/Developer/Xcode/DerivedData/Argus-dciofsjewcrtqnafhqonvosebghg/SourcePackages/checkouts/SwiftyMarkdown
    builtin-copy -exclude .DS_Store -exclude CVS -exclude .svn -exclude .git -exclude .hg -resolve-src-symlinks -rename /Users/jandrews/Library/Developer/Xcode/DerivedData/Argus-dciofsjewcrtqnafhqonvosebghg/Build/Intermediates.noindex/SwiftyMarkdown.build/Debug-iphonesimulator/SwiftyMarkdown.build/Objects-normal/arm64/SwiftyMarkdown.swiftmodule /Users/jandrews/Library/Developer/Xcode/DerivedData/Argus-dciofsjewcrtqnafhqonvosebghg/Build/Products/Debug-iphonesimulator/SwiftyMarkdown.swiftmodule/arm64-apple-ios-simulator.swiftmodule

Copy /Users/jandrews/Library/Developer/Xcode/DerivedData/Argus-dciofsjewcrtqnafhqonvosebghg/Build/Products/Debug-iphonesimulator/SwiftyMarkdown.swiftmodule/arm64-apple-ios-simulator.swiftdoc /Users/jandrews/Library/Developer/Xcode/DerivedData/Argus-dciofsjewcrtqnafhqonvosebghg/Build/Intermediates.noindex/SwiftyMarkdown.build/Debug-iphonesimulator/SwiftyMarkdown.build/Objects-normal/arm64/SwiftyMarkdown.swiftdoc (in target 'SwiftyMarkdown' from project 'SwiftyMarkdown')
    cd /Users/jandrews/Library/Developer/Xcode/DerivedData/Argus-dciofsjewcrtqnafhqonvosebghg/SourcePackages/checkouts/SwiftyMarkdown
    builtin-copy -exclude .DS_Store -exclude CVS -exclude .svn -exclude .git -exclude .hg -resolve-src-symlinks -rename /Users/jandrews/Library/Developer/Xcode/DerivedData/Argus-dciofsjewcrtqnafhqonvosebghg/Build/Intermediates.noindex/SwiftyMarkdown.build/Debug-iphonesimulator/SwiftyMarkdown.build/Objects-normal/arm64/SwiftyMarkdown.swiftdoc /Users/jandrews/Library/Developer/Xcode/DerivedData/Argus-dciofsjewcrtqnafhqonvosebghg/Build/Products/Debug-iphonesimulator/SwiftyMarkdown.swiftmodule/arm64-apple-ios-simulator.swiftdoc

Copy /Users/jandrews/Library/Developer/Xcode/DerivedData/Argus-dciofsjewcrtqnafhqonvosebghg/Build/Products/Debug-iphonesimulator/SwiftyMarkdown.swiftmodule/Project/arm64-apple-ios-simulator.swiftsourceinfo /Users/jandrews/Library/Developer/Xcode/DerivedData/Argus-dciofsjewcrtqnafhqonvosebghg/Build/Intermediates.noindex/SwiftyMarkdown.build/Debug-iphonesimulator/SwiftyMarkdown.build/Objects-normal/arm64/SwiftyMarkdown.swiftsourceinfo (in target 'SwiftyMarkdown' from project 'SwiftyMarkdown')
    cd /Users/jandrews/Library/Developer/Xcode/DerivedData/Argus-dciofsjewcrtqnafhqonvosebghg/SourcePackages/checkouts/SwiftyMarkdown
    builtin-copy -exclude .DS_Store -exclude CVS -exclude .svn -exclude .git -exclude .hg -resolve-src-symlinks -rename /Users/jandrews/Library/Developer/Xcode/DerivedData/Argus-dciofsjewcrtqnafhqonvosebghg/Build/Intermediates.noindex/SwiftyMarkdown.build/Debug-iphonesimulator/SwiftyMarkdown.build/Objects-normal/arm64/SwiftyMarkdown.swiftsourceinfo /Users/jandrews/Library/Developer/Xcode/DerivedData/Argus-dciofsjewcrtqnafhqonvosebghg/Build/Products/Debug-iphonesimulator/SwiftyMarkdown.swiftmodule/Project/arm64-apple-ios-simulator.swiftsourceinfo

SwiftDriverJobDiscovery normal arm64 Compiling SwiftyMarkdown+iOS.swift (in target 'SwiftyMarkdown' from project 'SwiftyMarkdown')

ProcessProductPackaging /Users/jandrews/devel/swift/Argus-app/Argus/Argus.entitlements /Users/jandrews/Library/Developer/Xcode/DerivedData/Argus-dciofsjewcrtqnafhqonvosebghg/Build/Intermediates.noindex/Argus.build/Debug-iphonesimulator/Argus.build/Argus.app.xcent (in target 'Argus' from project 'Argus')
    cd /Users/jandrews/devel/swift/Argus-app
    
    Entitlements:
    
    {
}
    
    builtin-productPackagingUtility /Users/jandrews/devel/swift/Argus-app/Argus/Argus.entitlements -entitlements -format xml -o /Users/jandrews/Library/Developer/Xcode/DerivedData/Argus-dciofsjewcrtqnafhqonvosebghg/Build/Intermediates.noindex/Argus.build/Debug-iphonesimulator/Argus.build/Argus.app.xcent

ProcessProductPackaging /Users/jandrews/devel/swift/Argus-app/Argus/Argus.entitlements /Users/jandrews/Library/Developer/Xcode/DerivedData/Argus-dciofsjewcrtqnafhqonvosebghg/Build/Intermediates.noindex/Argus.build/Debug-iphonesimulator/Argus.build/Argus.app-Simulated.xcent (in target 'Argus' from project 'Argus')
    cd /Users/jandrews/devel/swift/Argus-app
    
    Entitlements:
    
    {
    "application-identifier" = "C6RPS3BGXX.com.andrews.Argus.Argus";
    "aps-environment" = production;
    "com.apple.developer.aps-environment" = production;
    "com.apple.developer.icloud-container-identifiers" =     (
        "iCloud.com.andrews.Argus.Argus"
    );
    "com.apple.developer.icloud-services" =     (
        CloudKit
    );
}
    
    builtin-productPackagingUtility /Users/jandrews/devel/swift/Argus-app/Argus/Argus.entitlements -entitlements -format xml -o /Users/jandrews/Library/Developer/Xcode/DerivedData/Argus-dciofsjewcrtqnafhqonvosebghg/Build/Intermediates.noindex/Argus.build/Debug-iphonesimulator/Argus.build/Argus.app-Simulated.xcent

ProcessProductPackagingDER /Users/jandrews/Library/Developer/Xcode/DerivedData/Argus-dciofsjewcrtqnafhqonvosebghg/Build/Intermediates.noindex/Argus.build/Debug-iphonesimulator/Argus.build/Argus.app.xcent /Users/jandrews/Library/Developer/Xcode/DerivedData/Argus-dciofsjewcrtqnafhqonvosebghg/Build/Intermediates.noindex/Argus.build/Debug-iphonesimulator/Argus.build/Argus.app.xcent.der (in target 'Argus' from project 'Argus')
    cd /Users/jandrews/devel/swift/Argus-app
    /usr/bin/derq query -f xml -i /Users/jandrews/Library/Developer/Xcode/DerivedData/Argus-dciofsjewcrtqnafhqonvosebghg/Build/Intermediates.noindex/Argus.build/Debug-iphonesimulator/Argus.build/Argus.app.xcent -o /Users/jandrews/Library/Developer/Xcode/DerivedData/Argus-dciofsjewcrtqnafhqonvosebghg/Build/Intermediates.noindex/Argus.build/Debug-iphonesimulator/Argus.build/Argus.app.xcent.der --raw

ProcessProductPackagingDER /Users/jandrews/Library/Developer/Xcode/DerivedData/Argus-dciofsjewcrtqnafhqonvosebghg/Build/Intermediates.noindex/Argus.build/Debug-iphonesimulator/Argus.build/Argus.app-Simulated.xcent /Users/jandrews/Library/Developer/Xcode/DerivedData/Argus-dciofsjewcrtqnafhqonvosebghg/Build/Intermediates.noindex/Argus.build/Debug-iphonesimulator/Argus.build/Argus.app-Simulated.xcent.der (in target 'Argus' from project 'Argus')
    cd /Users/jandrews/devel/swift/Argus-app
    /usr/bin/derq query -f xml -i /Users/jandrews/Library/Developer/Xcode/DerivedData/Argus-dciofsjewcrtqnafhqonvosebghg/Build/Intermediates.noindex/Argus.build/Debug-iphonesimulator/Argus.build/Argus.app-Simulated.xcent -o /Users/jandrews/Library/Developer/Xcode/DerivedData/Argus-dciofsjewcrtqnafhqonvosebghg/Build/Intermediates.noindex/Argus.build/Debug-iphonesimulator/Argus.build/Argus.app-Simulated.xcent.der --raw

SwiftDriverJobDiscovery normal arm64 Compiling SwiftyTokeniser.swift (in target 'SwiftyMarkdown' from project 'SwiftyMarkdown')

GenerateAssetSymbols /Users/jandrews/devel/swift/Argus-app/Argus/Preview\ Content/Preview\ Assets.xcassets /Users/jandrews/devel/swift/Argus-app/Argus/Assets.xcassets (in target 'Argus' from project 'Argus')
    cd /Users/jandrews/devel/swift/Argus-app
    /Applications/Xcode.app/Contents/Developer/usr/bin/actool /Users/jandrews/devel/swift/Argus-app/Argus/Preview\ Content/Preview\ Assets.xcassets /Users/jandrews/devel/swift/Argus-app/Argus/Assets.xcassets --compile /Users/jandrews/Library/Developer/Xcode/DerivedData/Argus-dciofsjewcrtqnafhqonvosebghg/Build/Products/Debug-iphonesimulator/Argus.app --output-format human-readable-text --notices --warnings --export-dependency-info /Users/jandrews/Library/Developer/Xcode/DerivedData/Argus-dciofsjewcrtqnafhqonvosebghg/Build/Intermediates.noindex/Argus.build/Debug-iphonesimulator/Argus.build/assetcatalog_dependencies --output-partial-info-plist /Users/jandrews/Library/Developer/Xcode/DerivedData/Argus-dciofsjewcrtqnafhqonvosebghg/Build/Intermediates.noindex/Argus.build/Debug-iphonesimulator/Argus.build/assetcatalog_generated_info.plist --app-icon AppIcon --accent-color AccentColor --compress-pngs --enable-on-demand-resources YES --development-region en --target-device iphone --target-device ipad --minimum-deployment-target 18.2 --platform iphonesimulator --bundle-identifier com.andrews.Argus.Argus --generate-swift-asset-symbols /Users/jandrews/Library/Developer/Xcode/DerivedData/Argus-dciofsjewcrtqnafhqonvosebghg/Build/Intermediates.noindex/Argus.build/Debug-iphonesimulator/Argus.build/DerivedSources/GeneratedAssetSymbols.swift --generate-objc-asset-symbols /Users/jandrews/Library/Developer/Xcode/DerivedData/Argus-dciofsjewcrtqnafhqonvosebghg/Build/Intermediates.noindex/Argus.build/Debug-iphonesimulator/Argus.build/DerivedSources/GeneratedAssetSymbols.h --generate-asset-symbol-index /Users/jandrews/Library/Developer/Xcode/DerivedData/Argus-dciofsjewcrtqnafhqonvosebghg/Build/Intermediates.noindex/Argus.build/Debug-iphonesimulator/Argus.build/DerivedSources/GeneratedAssetSymbols-Index.plist
/* com.apple.actool.compilation-results */
/Users/jandrews/Library/Developer/Xcode/DerivedData/Argus-dciofsjewcrtqnafhqonvosebghg/Build/Intermediates.noindex/Argus.build/Debug-iphonesimulator/Argus.build/DerivedSources/GeneratedAssetSymbols-Index.plist
/Users/jandrews/Library/Developer/Xcode/DerivedData/Argus-dciofsjewcrtqnafhqonvosebghg/Build/Intermediates.noindex/Argus.build/Debug-iphonesimulator/Argus.build/DerivedSources/GeneratedAssetSymbols.h
/Users/jandrews/Library/Developer/Xcode/DerivedData/Argus-dciofsjewcrtqnafhqonvosebghg/Build/Intermediates.noindex/Argus.build/Debug-iphonesimulator/Argus.build/DerivedSources/GeneratedAssetSymbols.swift


MkDir /Users/jandrews/Library/Developer/Xcode/DerivedData/Argus-dciofsjewcrtqnafhqonvosebghg/Build/Intermediates.noindex/Argus.build/Debug-iphonesimulator/Argus.build/assetcatalog_output/thinned (in target 'Argus' from project 'Argus')
    cd /Users/jandrews/devel/swift/Argus-app
    /bin/mkdir -p /Users/jandrews/Library/Developer/Xcode/DerivedData/Argus-dciofsjewcrtqnafhqonvosebghg/Build/Intermediates.noindex/Argus.build/Debug-iphonesimulator/Argus.build/assetcatalog_output/thinned

MkDir /Users/jandrews/Library/Developer/Xcode/DerivedData/Argus-dciofsjewcrtqnafhqonvosebghg/Build/Intermediates.noindex/Argus.build/Debug-iphonesimulator/Argus.build/assetcatalog_output/unthinned (in target 'Argus' from project 'Argus')
    cd /Users/jandrews/devel/swift/Argus-app
    /bin/mkdir -p /Users/jandrews/Library/Developer/Xcode/DerivedData/Argus-dciofsjewcrtqnafhqonvosebghg/Build/Intermediates.noindex/Argus.build/Debug-iphonesimulator/Argus.build/assetcatalog_output/unthinned

CompileAssetCatalogVariant thinned /Users/jandrews/Library/Developer/Xcode/DerivedData/Argus-dciofsjewcrtqnafhqonvosebghg/Build/Products/Debug-iphonesimulator/Argus.app /Users/jandrews/devel/swift/Argus-app/Argus/Preview\ Content/Preview\ Assets.xcassets /Users/jandrews/devel/swift/Argus-app/Argus/Assets.xcassets (in target 'Argus' from project 'Argus')
    cd /Users/jandrews/devel/swift/Argus-app
    /Applications/Xcode.app/Contents/Developer/usr/bin/actool /Users/jandrews/devel/swift/Argus-app/Argus/Preview\ Content/Preview\ Assets.xcassets /Users/jandrews/devel/swift/Argus-app/Argus/Assets.xcassets --compile /Users/jandrews/Library/Developer/Xcode/DerivedData/Argus-dciofsjewcrtqnafhqonvosebghg/Build/Intermediates.noindex/Argus.build/Debug-iphonesimulator/Argus.build/assetcatalog_output/thinned --output-format human-readable-text --notices --warnings --export-dependency-info /Users/jandrews/Library/Developer/Xcode/DerivedData/Argus-dciofsjewcrtqnafhqonvosebghg/Build/Intermediates.noindex/Argus.build/Debug-iphonesimulator/Argus.build/assetcatalog_dependencies_thinned --output-partial-info-plist /Users/jandrews/Library/Developer/Xcode/DerivedData/Argus-dciofsjewcrtqnafhqonvosebghg/Build/Intermediates.noindex/Argus.build/Debug-iphonesimulator/Argus.build/assetcatalog_generated_info.plist_thinned --app-icon AppIcon --accent-color AccentColor --compress-pngs --enable-on-demand-resources YES --filter-for-thinning-device-configuration iPhone17,1 --filter-for-device-os-version 18.2 --development-region en --target-device iphone --target-device ipad --minimum-deployment-target 18.2 --platform iphonesimulator

SwiftDriverJobDiscovery normal arm64 Compiling SwiftyLineProcessor.swift (in target 'SwiftyMarkdown' from project 'SwiftyMarkdown')

SwiftDriver Argus normal arm64 com.apple.xcode.tools.swift.compiler (in target 'Argus' from project 'Argus')
    cd /Users/jandrews/devel/swift/Argus-app
    builtin-SwiftDriver -- /Applications/Xcode.app/Contents/Developer/Toolchains/XcodeDefault.xctoolchain/usr/bin/swiftc -module-name Argus -Onone -enforce-exclusivity\=checked @/Users/jandrews/Library/Developer/Xcode/DerivedData/Argus-dciofsjewcrtqnafhqonvosebghg/Build/Intermediates.noindex/Argus.build/Debug-iphonesimulator/Argus.build/Objects-normal/arm64/Argus.SwiftFileList -DDEBUG -enable-bare-slash-regex -enable-experimental-feature DebugDescriptionMacro -sdk /Applications/Xcode.app/Contents/Developer/Platforms/iPhoneSimulator.platform/Developer/SDKs/iPhoneSimulator26.0.sdk -target arm64-apple-ios18.2-simulator -g -module-cache-path /Users/jandrews/Library/Developer/Xcode/DerivedData/ModuleCache.noindex -Xfrontend -serialize-debugging-options -profile-coverage-mapping -profile-generate -enable-testing -index-store-path /Users/jandrews/Library/Developer/Xcode/DerivedData/Argus-dciofsjewcrtqnafhqonvosebghg/Index.noindex/DataStore -Xcc -D_LIBCPP_HARDENING_MODE\=_LIBCPP_HARDENING_MODE_DEBUG -swift-version 5 -I /Users/jandrews/Library/Developer/Xcode/DerivedData/Argus-dciofsjewcrtqnafhqonvosebghg/Build/Products/Debug-iphonesimulator -F /Users/jandrews/Library/Developer/Xcode/DerivedData/Argus-dciofsjewcrtqnafhqonvosebghg/Build/Products/Debug-iphonesimulator/PackageFrameworks -F /Users/jandrews/Library/Developer/Xcode/DerivedData/Argus-dciofsjewcrtqnafhqonvosebghg/Build/Products/Debug-iphonesimulator -emit-localized-strings -emit-localized-strings-path /Users/jandrews/Library/Developer/Xcode/DerivedData/Argus-dciofsjewcrtqnafhqonvosebghg/Build/Intermediates.noindex/Argus.build/Debug-iphonesimulator/Argus.build/Objects-normal/arm64 -c -j16 -enable-batch-mode -incremental -Xcc -ivfsstatcache -Xcc /Users/jandrews/Library/Developer/Xcode/DerivedData/SDKStatCaches.noindex/iphonesimulator26.0-23A339-26257891a6c027eb51374368541b8346.sdkstatcache -output-file-map /Users/jandrews/Library/Developer/Xcode/DerivedData/Argus-dciofsjewcrtqnafhqonvosebghg/Build/Intermediates.noindex/Argus.build/Debug-iphonesimulator/Argus.build/Objects-normal/arm64/Argus-OutputFileMap.json -use-frontend-parseable-output -save-temps -no-color-diagnostics -explicit-module-build -module-cache-path /Users/jandrews/Library/Developer/Xcode/DerivedData/Argus-dciofsjewcrtqnafhqonvosebghg/Build/Intermediates.noindex/SwiftExplicitPrecompiledModules -clang-scanner-module-cache-path /Users/jandrews/Library/Developer/Xcode/DerivedData/ModuleCache.noindex -sdk-module-cache-path /Users/jandrews/Library/Developer/Xcode/DerivedData/ModuleCache.noindex -serialize-diagnostics -emit-dependencies -emit-module -emit-module-path /Users/jandrews/Library/Developer/Xcode/DerivedData/Argus-dciofsjewcrtqnafhqonvosebghg/Build/Intermediates.noindex/Argus.build/Debug-iphonesimulator/Argus.build/Objects-normal/arm64/Argus.swiftmodule -validate-clang-modules-once -clang-build-session-file /Users/jandrews/Library/Developer/Xcode/DerivedData/ModuleCache.noindex/Session.modulevalidation -Xcc -I/Users/jandrews/Library/Developer/Xcode/DerivedData/Argus-dciofsjewcrtqnafhqonvosebghg/Build/Intermediates.noindex/Argus.build/Debug-iphonesimulator/Argus.build/swift-overrides.hmap -emit-const-values -Xfrontend -const-gather-protocols-file -Xfrontend /Users/jandrews/Library/Developer/Xcode/DerivedData/Argus-dciofsjewcrtqnafhqonvosebghg/Build/Intermediates.noindex/Argus.build/Debug-iphonesimulator/Argus.build/Objects-normal/arm64/Argus_const_extract_protocols.json -Xcc -iquote -Xcc /Users/jandrews/Library/Developer/Xcode/DerivedData/Argus-dciofsjewcrtqnafhqonvosebghg/Build/Intermediates.noindex/Argus.build/Debug-iphonesimulator/Argus.build/Argus-generated-files.hmap -Xcc -I/Users/jandrews/Library/Developer/Xcode/DerivedData/Argus-dciofsjewcrtqnafhqonvosebghg/Build/Intermediates.noindex/Argus.build/Debug-iphonesimulator/Argus.build/Argus-own-target-headers.hmap -Xcc -I/Users/jandrews/Library/Developer/Xcode/DerivedData/Argus-dciofsjewcrtqnafhqonvosebghg/Build/Intermediates.noindex/Argus.build/Debug-iphonesimulator/Argus.build/Argus-all-non-framework-target-headers.hmap -Xcc -ivfsoverlay -Xcc /Users/jandrews/Library/Developer/Xcode/DerivedData/Argus-dciofsjewcrtqnafhqonvosebghg/Build/Intermediates.noindex/Argus.build/Debug-iphonesimulator/Argus-d16f32cc8be5b21acd5f474e97425566-VFS-iphonesimulator/all-product-headers.yaml -Xcc -iquote -Xcc /Users/jandrews/Library/Developer/Xcode/DerivedData/Argus-dciofsjewcrtqnafhqonvosebghg/Build/Intermediates.noindex/Argus.build/Debug-iphonesimulator/Argus.build/Argus-project-headers.hmap -Xcc -I/Users/jandrews/Library/Developer/Xcode/DerivedData/Argus-dciofsjewcrtqnafhqonvosebghg/Build/Products/Debug-iphonesimulator/include -Xcc -I/Users/jandrews/Library/Developer/Xcode/DerivedData/Argus-dciofsjewcrtqnafhqonvosebghg/Build/Intermediates.noindex/Argus.build/Debug-iphonesimulator/Argus.build/DerivedSources-normal/arm64 -Xcc -I/Users/jandrews/Library/Developer/Xcode/DerivedData/Argus-dciofsjewcrtqnafhqonvosebghg/Build/Intermediates.noindex/Argus.build/Debug-iphonesimulator/Argus.build/DerivedSources/arm64 -Xcc -I/Users/jandrews/Library/Developer/Xcode/DerivedData/Argus-dciofsjewcrtqnafhqonvosebghg/Build/Intermediates.noindex/Argus.build/Debug-iphonesimulator/Argus.build/DerivedSources -Xcc -DDEBUG\=1 -emit-objc-header -emit-objc-header-path /Users/jandrews/Library/Developer/Xcode/DerivedData/Argus-dciofsjewcrtqnafhqonvosebghg/Build/Intermediates.noindex/Argus.build/Debug-iphonesimulator/Argus.build/Objects-normal/arm64/Argus-Swift.h -working-directory /Users/jandrews/devel/swift/Argus-app -experimental-emit-module-separately -disable-cmo

SwiftDriverJobDiscovery normal arm64 Compiling SwiftyScanner.swift (in target 'SwiftyMarkdown' from project 'SwiftyMarkdown')

SwiftDriverJobDiscovery normal arm64 Compiling SwiftyMarkdown.swift (in target 'SwiftyMarkdown' from project 'SwiftyMarkdown')

SwiftDriver\ Compilation SwiftyMarkdown normal arm64 com.apple.xcode.tools.swift.compiler (in target 'SwiftyMarkdown' from project 'SwiftyMarkdown')
    cd /Users/jandrews/devel/swift/Argus-app/Argus.xcodeproj
    builtin-Swift-Compilation -- /Applications/Xcode.app/Contents/Developer/Toolchains/XcodeDefault.xctoolchain/usr/bin/swiftc -module-name SwiftyMarkdown -Onone -enforce-exclusivity\=checked @/Users/jandrews/Library/Developer/Xcode/DerivedData/Argus-dciofsjewcrtqnafhqonvosebghg/Build/Intermediates.noindex/SwiftyMarkdown.build/Debug-iphonesimulator/SwiftyMarkdown.build/Objects-normal/arm64/SwiftyMarkdown.SwiftFileList -DSWIFT_PACKAGE -DDEBUG -DSWIFT_MODULE_RESOURCE_BUNDLE_UNAVAILABLE -DXcode -plugin-path /Applications/Xcode.app/Contents/Developer/Toolchains/XcodeDefault.xctoolchain/usr/lib/swift/host/plugins/testing -enable-experimental-feature DebugDescriptionMacro -sdk /Applications/Xcode.app/Contents/Developer/Platforms/iPhoneSimulator.platform/Developer/SDKs/iPhoneSimulator26.0.sdk -target arm64-apple-ios12.0-simulator -g -module-cache-path /Users/jandrews/Library/Developer/Xcode/DerivedData/ModuleCache.noindex -Xfrontend -serialize-debugging-options -profile-coverage-mapping -profile-generate -enable-testing -suppress-warnings -index-store-path /Users/jandrews/Library/Developer/Xcode/DerivedData/Argus-dciofsjewcrtqnafhqonvosebghg/Index.noindex/DataStore -Xcc -D_LIBCPP_HARDENING_MODE\=_LIBCPP_HARDENING_MODE_DEBUG -swift-version 5 -I /Users/jandrews/Library/Developer/Xcode/DerivedData/Argus-dciofsjewcrtqnafhqonvosebghg/Build/Products/Debug-iphonesimulator -Isystem /Applications/Xcode.app/Contents/Developer/Platforms/iPhoneSimulator.platform/Developer/usr/lib -F /Users/jandrews/Library/Developer/Xcode/DerivedData/Argus-dciofsjewcrtqnafhqonvosebghg/Build/Products/Debug-iphonesimulator -F /Applications/Xcode.app/Contents/Developer/Platforms/iPhoneSimulator.platform/Developer/Library/Frameworks -F /Applications/Xcode.app/Contents/Developer/Platforms/iPhoneSimulator.platform/Developer/SDKs/iPhoneSimulator26.0.sdk/Developer/Library/Frameworks -c -j16 -enable-batch-mode -incremental -Xcc -ivfsstatcache -Xcc /Users/jandrews/Library/Developer/Xcode/DerivedData/SDKStatCaches.noindex/iphonesimulator26.0-23A339-26257891a6c027eb51374368541b8346.sdkstatcache -output-file-map /Users/jandrews/Library/Developer/Xcode/DerivedData/Argus-dciofsjewcrtqnafhqonvosebghg/Build/Intermediates.noindex/SwiftyMarkdown.build/Debug-iphonesimulator/SwiftyMarkdown.build/Objects-normal/arm64/SwiftyMarkdown-OutputFileMap.json -use-frontend-parseable-output -save-temps -no-color-diagnostics -explicit-module-build -module-cache-path /Users/jandrews/Library/Developer/Xcode/DerivedData/Argus-dciofsjewcrtqnafhqonvosebghg/Build/Intermediates.noindex/SwiftExplicitPrecompiledModules -clang-scanner-module-cache-path /Users/jandrews/Library/Developer/Xcode/DerivedData/ModuleCache.noindex -sdk-module-cache-path /Users/jandrews/Library/Developer/Xcode/DerivedData/ModuleCache.noindex -serialize-diagnostics -emit-dependencies -emit-module -emit-module-path /Users/jandrews/Library/Developer/Xcode/DerivedData/Argus-dciofsjewcrtqnafhqonvosebghg/Build/Intermediates.noindex/SwiftyMarkdown.build/Debug-iphonesimulator/SwiftyMarkdown.build/Objects-normal/arm64/SwiftyMarkdown.swiftmodule -validate-clang-modules-once -clang-build-session-file /Users/jandrews/Library/Developer/Xcode/DerivedData/ModuleCache.noindex/Session.modulevalidation -Xcc -I/Users/jandrews/Library/Developer/Xcode/DerivedData/Argus-dciofsjewcrtqnafhqonvosebghg/Build/Intermediates.noindex/SwiftyMarkdown.build/Debug-iphonesimulator/SwiftyMarkdown.build/swift-overrides.hmap -emit-const-values -Xfrontend -const-gather-protocols-file -Xfrontend /Users/jandrews/Library/Developer/Xcode/DerivedData/Argus-dciofsjewcrtqnafhqonvosebghg/Build/Intermediates.noindex/SwiftyMarkdown.build/Debug-iphonesimulator/SwiftyMarkdown.build/Objects-normal/arm64/SwiftyMarkdown_const_extract_protocols.json -Xcc -I/Users/jandrews/Library/Developer/Xcode/DerivedData/Argus-dciofsjewcrtqnafhqonvosebghg/Build/Products/Debug-iphonesimulator/include -Xcc -I/Users/jandrews/Library/Developer/Xcode/DerivedData/Argus-dciofsjewcrtqnafhqonvosebghg/Build/Intermediates.noindex/SwiftyMarkdown.build/Debug-iphonesimulator/SwiftyMarkdown.build/DerivedSources-normal/arm64 -Xcc -I/Users/jandrews/Library/Developer/Xcode/DerivedData/Argus-dciofsjewcrtqnafhqonvosebghg/Build/Intermediates.noindex/SwiftyMarkdown.build/Debug-iphonesimulator/SwiftyMarkdown.build/DerivedSources/arm64 -Xcc -I/Users/jandrews/Library/Developer/Xcode/DerivedData/Argus-dciofsjewcrtqnafhqonvosebghg/Build/Intermediates.noindex/SwiftyMarkdown.build/Debug-iphonesimulator/SwiftyMarkdown.build/DerivedSources -Xcc -DSWIFT_PACKAGE -Xcc -DDEBUG\=1 -emit-objc-header -emit-objc-header-path /Users/jandrews/Library/Developer/Xcode/DerivedData/Argus-dciofsjewcrtqnafhqonvosebghg/Build/Intermediates.noindex/SwiftyMarkdown.build/Debug-iphonesimulator/SwiftyMarkdown.build/Objects-normal/arm64/SwiftyMarkdown-Swift.h -working-directory /Users/jandrews/devel/swift/Argus-app/Argus.xcodeproj -experimental-emit-module-separately -disable-cmo

Ld /Users/jandrews/Library/Developer/Xcode/DerivedData/Argus-dciofsjewcrtqnafhqonvosebghg/Build/Products/Debug-iphonesimulator/SwiftyMarkdown.o normal (in target 'SwiftyMarkdown' from project 'SwiftyMarkdown')
    cd /Users/jandrews/Library/Developer/Xcode/DerivedData/Argus-dciofsjewcrtqnafhqonvosebghg/SourcePackages/checkouts/SwiftyMarkdown
    /Applications/Xcode.app/Contents/Developer/Toolchains/XcodeDefault.xctoolchain/usr/bin/clang -Xlinker -reproducible -target arm64-apple-ios12.0-simulator -r -isysroot /Applications/Xcode.app/Contents/Developer/Platforms/iPhoneSimulator.platform/Developer/SDKs/iPhoneSimulator26.0.sdk -O0 -w -L/Users/jandrews/Library/Developer/Xcode/DerivedData/Argus-dciofsjewcrtqnafhqonvosebghg/Build/Intermediates.noindex/EagerLinkingTBDs/Debug-iphonesimulator -L/Users/jandrews/Library/Developer/Xcode/DerivedData/Argus-dciofsjewcrtqnafhqonvosebghg/Build/Products/Debug-iphonesimulator -L/Applications/Xcode.app/Contents/Developer/Platforms/iPhoneSimulator.platform/Developer/usr/lib -F/Users/jandrews/Library/Developer/Xcode/DerivedData/Argus-dciofsjewcrtqnafhqonvosebghg/Build/Intermediates.noindex/EagerLinkingTBDs/Debug-iphonesimulator -F/Users/jandrews/Library/Developer/Xcode/DerivedData/Argus-dciofsjewcrtqnafhqonvosebghg/Build/Products/Debug-iphonesimulator -iframework /Applications/Xcode.app/Contents/Developer/Platforms/iPhoneSimulator.platform/Developer/Library/Frameworks -iframework /Applications/Xcode.app/Contents/Developer/Platforms/iPhoneSimulator.platform/Developer/SDKs/iPhoneSimulator26.0.sdk/Developer/Library/Frameworks -filelist /Users/jandrews/Library/Developer/Xcode/DerivedData/Argus-dciofsjewcrtqnafhqonvosebghg/Build/Intermediates.noindex/SwiftyMarkdown.build/Debug-iphonesimulator/SwiftyMarkdown.build/Objects-normal/arm64/SwiftyMarkdown.LinkFileList -nostdlib -Xlinker -object_path_lto -Xlinker /Users/jandrews/Library/Developer/Xcode/DerivedData/Argus-dciofsjewcrtqnafhqonvosebghg/Build/Intermediates.noindex/SwiftyMarkdown.build/Debug-iphonesimulator/SwiftyMarkdown.build/Objects-normal/arm64/SwiftyMarkdown_lto.o -rdynamic -Xlinker -no_deduplicate -Xlinker -objc_abi_version -Xlinker 2 -Xlinker -debug_variant -Xlinker -dependency_info -Xlinker /Users/jandrews/Library/Developer/Xcode/DerivedData/Argus-dciofsjewcrtqnafhqonvosebghg/Build/Intermediates.noindex/SwiftyMarkdown.build/Debug-iphonesimulator/SwiftyMarkdown.build/Objects-normal/arm64/SwiftyMarkdown_dependency_info.dat -fobjc-link-runtime -L/Applications/Xcode.app/Contents/Developer/Toolchains/XcodeDefault.xctoolchain/usr/lib/swift/iphonesimulator -L/usr/lib/swift -Xlinker -add_ast_path -Xlinker /Users/jandrews/Library/Developer/Xcode/DerivedData/Argus-dciofsjewcrtqnafhqonvosebghg/Build/Intermediates.noindex/SwiftyMarkdown.build/Debug-iphonesimulator/SwiftyMarkdown.build/Objects-normal/arm64/SwiftyMarkdown.swiftmodule @/Users/jandrews/Library/Developer/Xcode/DerivedData/Argus-dciofsjewcrtqnafhqonvosebghg/Build/Intermediates.noindex/SwiftyMarkdown.build/Debug-iphonesimulator/SwiftyMarkdown.build/Objects-normal/arm64/SwiftyMarkdown-linker-args.resp -o /Users/jandrews/Library/Developer/Xcode/DerivedData/Argus-dciofsjewcrtqnafhqonvosebghg/Build/Products/Debug-iphonesimulator/SwiftyMarkdown.o

ExtractAppIntentsMetadata (in target 'SwiftyMarkdown' from project 'SwiftyMarkdown')
    cd /Users/jandrews/Library/Developer/Xcode/DerivedData/Argus-dciofsjewcrtqnafhqonvosebghg/SourcePackages/checkouts/SwiftyMarkdown
    /Applications/Xcode.app/Contents/Developer/Toolchains/XcodeDefault.xctoolchain/usr/bin/appintentsmetadataprocessor --toolchain-dir /Applications/Xcode.app/Contents/Developer/Toolchains/XcodeDefault.xctoolchain --module-name SwiftyMarkdown --sdk-root /Applications/Xcode.app/Contents/Developer/Platforms/iPhoneSimulator.platform/Developer/SDKs/iPhoneSimulator26.0.sdk --xcode-version 17A400 --platform-family iOS --deployment-target 12.0 --bundle-identifier swiftymarkdown.SwiftyMarkdown --output /Users/jandrews/Library/Developer/Xcode/DerivedData/Argus-dciofsjewcrtqnafhqonvosebghg/Build/Products/Debug-iphonesimulator/SwiftyMarkdown.appintents --target-triple arm64-apple-ios12.0-simulator --binary-file /Users/jandrews/Library/Developer/Xcode/DerivedData/Argus-dciofsjewcrtqnafhqonvosebghg/Build/Products/Debug-iphonesimulator/SwiftyMarkdown.o --dependency-file /Users/jandrews/Library/Developer/Xcode/DerivedData/Argus-dciofsjewcrtqnafhqonvosebghg/Build/Intermediates.noindex/SwiftyMarkdown.build/Debug-iphonesimulator/SwiftyMarkdown.build/Objects-normal/arm64/SwiftyMarkdown_dependency_info.dat --stringsdata-file /Users/jandrews/Library/Developer/Xcode/DerivedData/Argus-dciofsjewcrtqnafhqonvosebghg/Build/Intermediates.noindex/SwiftyMarkdown.build/Debug-iphonesimulator/SwiftyMarkdown.build/Objects-normal/arm64/ExtractedAppShortcutsMetadata.stringsdata --source-file-list /Users/jandrews/Library/Developer/Xcode/DerivedData/Argus-dciofsjewcrtqnafhqonvosebghg/Build/Intermediates.noindex/SwiftyMarkdown.build/Debug-iphonesimulator/SwiftyMarkdown.build/Objects-normal/arm64/SwiftyMarkdown.SwiftFileList --metadata-file-list /Users/jandrews/Library/Developer/Xcode/DerivedData/Argus-dciofsjewcrtqnafhqonvosebghg/Build/Intermediates.noindex/SwiftyMarkdown.build/Debug-iphonesimulator/SwiftyMarkdown.build/SwiftyMarkdown.DependencyMetadataFileList --static-metadata-file-list /Users/jandrews/Library/Developer/Xcode/DerivedData/Argus-dciofsjewcrtqnafhqonvosebghg/Build/Intermediates.noindex/SwiftyMarkdown.build/Debug-iphonesimulator/SwiftyMarkdown.build/SwiftyMarkdown.DependencyStaticMetadataFileList --swift-const-vals-list /Users/jandrews/Library/Developer/Xcode/DerivedData/Argus-dciofsjewcrtqnafhqonvosebghg/Build/Intermediates.noindex/SwiftyMarkdown.build/Debug-iphonesimulator/SwiftyMarkdown.build/Objects-normal/arm64/SwiftyMarkdown.SwiftConstValuesFileList --force --compile-time-extraction --deployment-aware-processing --validate-assistant-intents --no-app-shortcuts-localization
2025-10-07 17:40:32.591 appintentsmetadataprocessor[65382:141401111] Starting appintentsmetadataprocessor export
2025-10-07 17:40:32.668 appintentsmetadataprocessor[65382:141401111] Extracted no relevant App Intents symbols, skipping writing output

SwiftCompile normal arm64 Compiling\ APIClient.swift,\ AppDelegate.swift,\ ArgusApp.swift /Users/jandrews/devel/swift/Argus-app/Argus/APIClient.swift /Users/jandrews/devel/swift/Argus-app/Argus/AppDelegate.swift /Users/jandrews/devel/swift/Argus-app/Argus/ArgusApp.swift (in target 'Argus' from project 'Argus')
Failed frontend command:
/Applications/Xcode.app/Contents/Developer/Toolchains/XcodeDefault.xctoolchain/usr/bin/swift-frontend -frontend -c -primary-file /Users/jandrews/devel/swift/Argus-app/Argus/APIClient.swift -primary-file /Users/jandrews/devel/swift/Argus-app/Argus/AppDelegate.swift -primary-file /Users/jandrews/devel/swift/Argus-app/Argus/ArgusApp.swift /Users/jandrews/devel/swift/Argus-app/Argus/ArrayExtensions.swift /Users/jandrews/devel/swift/Argus-app/Argus/ArticleDataModels.swift /Users/jandrews/devel/swift/Argus-app/Argus/ArticleListModels.swift /Users/jandrews/devel/swift/Argus-app/Argus/ArticleModels.swift /Users/jandrews/devel/swift/Argus-app/Argus/ArticleOperations.swift /Users/jandrews/devel/swift/Argus-app/Argus/ArticleService.swift /Users/jandrews/devel/swift/Argus-app/Argus/ArticleServiceProtocol.swift /Users/jandrews/devel/swift/Argus-app/Argus/AutoSyncControlsView.swift /Users/jandrews/devel/swift/Argus-app/Argus/AutoSyncCoordinator.swift /Users/jandrews/devel/swift/Argus-app/Argus/BackgroundContextManager.swift /Users/jandrews/devel/swift/Argus-app/Argus/BackgroundTaskManager.swift /Users/jandrews/devel/swift/Argus-app/Argus/CloudKitHealthMonitor.swift /Users/jandrews/devel/swift/Argus-app/Argus/CloudKitRequestCoordinator.swift /Users/jandrews/devel/swift/Argus-app/Argus/CommonUtilities.swift /Users/jandrews/devel/swift/Argus-app/Argus/ContentView.swift /Users/jandrews/devel/swift/Argus-app/Argus/DatabaseCoordinator.swift /Users/jandrews/devel/swift/Argus-app/Argus/EnhancedRelatedArticlesTest.swift /Users/jandrews/devel/swift/Argus-app/Argus/GlobalSyncCoordinator.swift /Users/jandrews/devel/swift/Argus-app/Argus/Logger.swift /Users/jandrews/devel/swift/Argus-app/Argus/MarkdownUtilities.swift /Users/jandrews/devel/swift/Argus-app/Argus/ModernizationLogger.swift /Users/jandrews/devel/swift/Argus-app/Argus/NavigationTypes.swift /Users/jandrews/devel/swift/Argus-app/Argus/NewsDetailView.swift /Users/jandrews/devel/swift/Argus-app/Argus/NewsDetailViewModel.swift /Users/jandrews/devel/swift/Argus-app/Argus/NewsView.swift /Users/jandrews/devel/swift/Argus-app/Argus/NewsView+Extensions.swift /Users/jandrews/devel/swift/Argus-app/Argus/NewsViewModel.swift /Users/jandrews/devel/swift/Argus-app/Argus/NotificationUtils.swift /Users/jandrews/devel/swift/Argus-app/Argus/PreloadManager.swift /Users/jandrews/devel/swift/Argus-app/Argus/ProcessingQueueManager.swift /Users/jandrews/devel/swift/Argus-app/Argus/QualityBadges.swift /Users/jandrews/devel/swift/Argus-app/Argus/RelatedArticlesComponents.swift /Users/jandrews/devel/swift/Argus-app/Argus/SettingsView.swift /Users/jandrews/devel/swift/Argus-app/Argus/SubscriptionsView.swift /Users/jandrews/devel/swift/Argus-app/Argus/SwiftDataContainer.swift /Users/jandrews/devel/swift/Argus-app/Argus/SyncStatisticsView.swift /Users/jandrews/devel/swift/Argus-app/Argus/SyncStatus.swift /Users/jandrews/devel/swift/Argus-app/Argus/SyncStatusIndicator.swift /Users/jandrews/devel/swift/Argus-app/Argus/TabNavigationState.swift /Users/jandrews/devel/swift/Argus-app/Argus/TestArticleService.swift /Users/jandrews/devel/swift/Argus-app/Argus/TopicDiagnosticView.swift /Users/jandrews/devel/swift/Argus-app/Argus/UIComponents.swift /Users/jandrews/devel/swift/Argus-app/Argus/UserDefaultsExtensions.swift /Users/jandrews/Library/Developer/Xcode/DerivedData/Argus-dciofsjewcrtqnafhqonvosebghg/Build/Intermediates.noindex/Argus.build/Debug-iphonesimulator/Argus.build/DerivedSources/GeneratedAssetSymbols.swift -supplementary-output-file-map /Users/jandrews/Library/Developer/Xcode/DerivedData/Argus-dciofsjewcrtqnafhqonvosebghg/Build/Intermediates.noindex/Argus.build/Debug-iphonesimulator/Argus.build/Objects-normal/arm64/supplementaryOutputs-1 -emit-localized-strings -emit-localized-strings-path /Users/jandrews/Library/Developer/Xcode/DerivedData/Argus-dciofsjewcrtqnafhqonvosebghg/Build/Intermediates.noindex/Argus.build/Debug-iphonesimulator/Argus.build/Objects-normal/arm64 -target arm64-apple-ios18.2-simulator -module-can-import-version DeveloperToolsSupport 23.0.4 23.0.4 -module-can-import-version SwiftUI 7.0.84.1 7.0.84 -module-can-import-version UIKit 9088.1.113 9088.1.113 -disable-cross-import-overlay-search -swift-module-cross-import SwiftData /Applications/Xcode.app/Contents/Developer/Platforms/iPhoneSimulator.platform/Developer/SDKs/iPhoneSimulator26.0.sdk/System/Library/Frameworks/SwiftData.framework/Modules/SwiftData.swiftcrossimport/CoreData.swiftoverlay -swift-module-cross-import SwiftData /Applications/Xcode.app/Contents/Developer/Platforms/iPhoneSimulator.platform/Developer/SDKs/iPhoneSimulator26.0.sdk/System/Library/Frameworks/SwiftData.framework/Modules/SwiftData.swiftcrossimport/SwiftUI.swiftoverlay -swift-module-cross-import WebKit /Applications/Xcode.app/Contents/Developer/Platforms/iPhoneSimulator.platform/Developer/SDKs/iPhoneSimulator.sdk/System/Cryptexes/OS/System/Library/Frameworks/WebKit.framework/Modules/WebKit.swiftcrossimport/SwiftUI.swiftoverlay -swift-module-cross-import WebKit /Applications/Xcode.app/Contents/Developer/Platforms/iPhoneSimulator.platform/Developer/SDKs/iPhoneSimulator26.0.sdk/System/Library/Frameworks/WebKit.framework/Modules/WebKit.swiftcrossimport/SwiftUI.swiftoverlay -load-resolved-plugin /Applications/Xcode.app/Contents/Developer/Platforms/iPhoneOS.platform/Developer/usr/lib/swift/host/plugins/libFoundationMacros.dylib\#/Applications/Xcode.app/Contents/Developer/Platforms/iPhoneOS.platform/Developer/usr/bin/swift-plugin-server\#FoundationMacros -load-resolved-plugin /Applications/Xcode.app/Contents/Developer/Platforms/iPhoneOS.platform/Developer/usr/lib/swift/host/plugins/libObservationMacros.dylib\#/Applications/Xcode.app/Contents/Developer/Platforms/iPhoneOS.platform/Developer/usr/bin/swift-plugin-server\#ObservationMacros -load-resolved-plugin /Applications/Xcode.app/Contents/Developer/Platforms/iPhoneOS.platform/Developer/usr/lib/swift/host/plugins/libPreviewsMacros.dylib\#/Applications/Xcode.app/Contents/Developer/Platforms/iPhoneOS.platform/Developer/usr/bin/swift-plugin-server\#PreviewsMacros -load-resolved-plugin /Applications/Xcode.app/Contents/Developer/Platforms/iPhoneOS.platform/Developer/usr/lib/swift/host/plugins/libSwiftDataMacros.dylib\#/Applications/Xcode.app/Contents/Developer/Platforms/iPhoneOS.platform/Developer/usr/bin/swift-plugin-server\#SwiftDataMacros -load-resolved-plugin /Applications/Xcode.app/Contents/Developer/Platforms/iPhoneOS.platform/Developer/usr/lib/swift/host/plugins/libSwiftMacros.dylib\#/Applications/Xcode.app/Contents/Developer/Platforms/iPhoneOS.platform/Developer/usr/bin/swift-plugin-server\#SwiftMacros -load-resolved-plugin /Applications/Xcode.app/Contents/Developer/Platforms/iPhoneOS.platform/Developer/usr/lib/swift/host/plugins/libSwiftUIMacros.dylib\#/Applications/Xcode.app/Contents/Developer/Platforms/iPhoneOS.platform/Developer/usr/bin/swift-plugin-server\#SwiftUIMacros -disable-implicit-swift-modules -Xcc -fno-implicit-modules -Xcc -fno-implicit-module-maps -explicit-swift-module-map-file /Users/jandrews/Library/Developer/Xcode/DerivedData/Argus-dciofsjewcrtqnafhqonvosebghg/Build/Intermediates.noindex/Argus.build/Debug-iphonesimulator/Argus.build/Objects-normal/arm64/Argus-dependencies-1.json -Xllvm -aarch64-use-tbi -enable-objc-interop -sdk /Applications/Xcode.app/Contents/Developer/Platforms/iPhoneSimulator.platform/Developer/SDKs/iPhoneSimulator26.0.sdk -I /Users/jandrews/Library/Developer/Xcode/DerivedData/Argus-dciofsjewcrtqnafhqonvosebghg/Build/Products/Debug-iphonesimulator -F /Users/jandrews/Library/Developer/Xcode/DerivedData/Argus-dciofsjewcrtqnafhqonvosebghg/Build/Products/Debug-iphonesimulator/PackageFrameworks -F /Users/jandrews/Library/Developer/Xcode/DerivedData/Argus-dciofsjewcrtqnafhqonvosebghg/Build/Products/Debug-iphonesimulator -no-color-diagnostics -Xcc -fno-color-diagnostics -enable-testing -g -debug-info-format\=dwarf -dwarf-version\=5 -module-cache-path /Users/jandrews/Library/Developer/Xcode/DerivedData/Argus-dciofsjewcrtqnafhqonvosebghg/Build/Intermediates.noindex/SwiftExplicitPrecompiledModules -profile-generate -profile-coverage-mapping -swift-version 5 -enforce-exclusivity\=checked -Onone -D DEBUG -serialize-debugging-options -const-gather-protocols-file /Users/jandrews/Library/Developer/Xcode/DerivedData/Argus-dciofsjewcrtqnafhqonvosebghg/Build/Intermediates.noindex/Argus.build/Debug-iphonesimulator/Argus.build/Objects-normal/arm64/Argus_const_extract_protocols.json -enable-experimental-feature DebugDescriptionMacro -enable-bare-slash-regex -empty-abi-descriptor -validate-clang-modules-once -clang-build-session-file /Users/jandrews/Library/Developer/Xcode/DerivedData/ModuleCache.noindex/Session.modulevalidation -Xcc -working-directory -Xcc /Users/jandrews/devel/swift/Argus-app -enable-anonymous-context-mangled-names -file-compilation-dir /Users/jandrews/devel/swift/Argus-app -Xcc -D_LIBCPP_HARDENING_MODE\=_LIBCPP_HARDENING_MODE_DEBUG -Xcc -ivfsstatcache -Xcc /Users/jandrews/Library/Developer/Xcode/DerivedData/SDKStatCaches.noindex/iphonesimulator26.0-23A339-26257891a6c027eb51374368541b8346.sdkstatcache -Xcc -I/Users/jandrews/Library/Developer/Xcode/DerivedData/Argus-dciofsjewcrtqnafhqonvosebghg/Build/Intermediates.noindex/Argus.build/Debug-iphonesimulator/Argus.build/swift-overrides.hmap -Xcc -iquote -Xcc /Users/jandrews/Library/Developer/Xcode/DerivedData/Argus-dciofsjewcrtqnafhqonvosebghg/Build/Intermediates.noindex/Argus.build/Debug-iphonesimulator/Argus.build/Argus-generated-files.hmap -Xcc -I/Users/jandrews/Library/Developer/Xcode/DerivedData/Argus-dciofsjewcrtqnafhqonvosebghg/Build/Intermediates.noindex/Argus.build/Debug-iphonesimulator/Argus.build/Argus-own-target-headers.hmap -Xcc -I/Users/jandrews/Library/Developer/Xcode/DerivedData/Argus-dciofsjewcrtqnafhqonvosebghg/Build/Intermediates.noindex/Argus.build/Debug-iphonesimulator/Argus.build/Argus-all-non-framework-target-headers.hmap -Xcc -ivfsoverlay -Xcc /Users/jandrews/Library/Developer/Xcode/DerivedData/Argus-dciofsjewcrtqnafhqonvosebghg/Build/Intermediates.noindex/Argus.build/Debug-iphonesimulator/Argus-d16f32cc8be5b21acd5f474e97425566-VFS-iphonesimulator/all-product-headers.yaml -Xcc -iquote -Xcc /Users/jandrews/Library/Developer/Xcode/DerivedData/Argus-dciofsjewcrtqnafhqonvosebghg/Build/Intermediates.noindex/Argus.build/Debug-iphonesimulator/Argus.build/Argus-project-headers.hmap -Xcc -I/Users/jandrews/Library/Developer/Xcode/DerivedData/Argus-dciofsjewcrtqnafhqonvosebghg/Build/Products/Debug-iphonesimulator/include -Xcc -I/Users/jandrews/Library/Developer/Xcode/DerivedData/Argus-dciofsjewcrtqnafhqonvosebghg/Build/Intermediates.noindex/Argus.build/Debug-iphonesimulator/Argus.build/DerivedSources-normal/arm64 -Xcc -I/Users/jandrews/Library/Developer/Xcode/DerivedData/Argus-dciofsjewcrtqnafhqonvosebghg/Build/Intermediates.noindex/Argus.build/Debug-iphonesimulator/Argus.build/DerivedSources/arm64 -Xcc -I/Users/jandrews/Library/Developer/Xcode/DerivedData/Argus-dciofsjewcrtqnafhqonvosebghg/Build/Intermediates.noindex/Argus.build/Debug-iphonesimulator/Argus.build/DerivedSources -Xcc -DDEBUG\=1 -no-auto-bridging-header-chaining -module-name Argus -frontend-parseable-output -disable-clang-spi -target-sdk-version 26.0 -target-sdk-name iphonesimulator26.0 -clang-target arm64-apple-ios26.0-simulator -in-process-plugin-server-path /Applications/Xcode.app/Contents/Developer/Toolchains/XcodeDefault.xctoolchain/usr/lib/swift/host/libSwiftInProcPluginServer.dylib -o /Users/jandrews/Library/Developer/Xcode/DerivedData/Argus-dciofsjewcrtqnafhqonvosebghg/Build/Intermediates.noindex/Argus.build/Debug-iphonesimulator/Argus.build/Objects-normal/arm64/APIClient.o -o /Users/jandrews/Library/Developer/Xcode/DerivedData/Argus-dciofsjewcrtqnafhqonvosebghg/Build/Intermediates.noindex/Argus.build/Debug-iphonesimulator/Argus.build/Objects-normal/arm64/AppDelegate.o -o /Users/jandrews/Library/Developer/Xcode/DerivedData/Argus-dciofsjewcrtqnafhqonvosebghg/Build/Intermediates.noindex/Argus.build/Debug-iphonesimulator/Argus.build/Objects-normal/arm64/ArgusApp.o -index-unit-output-path /Argus.build/Debug-iphonesimulator/Argus.build/Objects-normal/arm64/APIClient.o -index-unit-output-path /Argus.build/Debug-iphonesimulator/Argus.build/Objects-normal/arm64/AppDelegate.o -index-unit-output-path /Argus.build/Debug-iphonesimulator/Argus.build/Objects-normal/arm64/ArgusApp.o -index-store-path /Users/jandrews/Library/Developer/Xcode/DerivedData/Argus-dciofsjewcrtqnafhqonvosebghg/Index.noindex/DataStore -index-system-modules

SwiftCompile normal arm64 /Users/jandrews/devel/swift/Argus-app/Argus/APIClient.swift (in target 'Argus' from project 'Argus')
    cd /Users/jandrews/devel/swift/Argus-app
    

SwiftCompile normal arm64 /Users/jandrews/devel/swift/Argus-app/Argus/AppDelegate.swift (in target 'Argus' from project 'Argus')
    cd /Users/jandrews/devel/swift/Argus-app
    

SwiftCompile normal arm64 /Users/jandrews/devel/swift/Argus-app/Argus/ArgusApp.swift (in target 'Argus' from project 'Argus')
    cd /Users/jandrews/devel/swift/Argus-app
    
/Users/jandrews/devel/swift/Argus-app/Argus/ArgusApp.swift:45:37: error: cannot find 'GlobalFontCache' in scope
                                _ = GlobalFontCache.shared
                                    ^~~~~~~~~~~~~~~

SwiftCompile normal arm64 Compiling\ ArticleModels.swift,\ ArticleOperations.swift,\ ArticleService.swift /Users/jandrews/devel/swift/Argus-app/Argus/ArticleModels.swift /Users/jandrews/devel/swift/Argus-app/Argus/ArticleOperations.swift /Users/jandrews/devel/swift/Argus-app/Argus/ArticleService.swift (in target 'Argus' from project 'Argus')
SwiftCompile normal arm64 /Users/jandrews/devel/swift/Argus-app/Argus/ArticleModels.swift (in target 'Argus' from project 'Argus')
    cd /Users/jandrews/devel/swift/Argus-app
    

SwiftCompile normal arm64 /Users/jandrews/devel/swift/Argus-app/Argus/ArticleOperations.swift (in target 'Argus' from project 'Argus')
    cd /Users/jandrews/devel/swift/Argus-app
    

SwiftCompile normal arm64 /Users/jandrews/devel/swift/Argus-app/Argus/ArticleService.swift (in target 'Argus' from project 'Argus')
    cd /Users/jandrews/devel/swift/Argus-app
    

SwiftCompile normal arm64 Compiling\ BackgroundContextManager.swift,\ BackgroundTaskManager.swift,\ CloudKitHealthMonitor.swift /Users/jandrews/devel/swift/Argus-app/Argus/BackgroundContextManager.swift /Users/jandrews/devel/swift/Argus-app/Argus/BackgroundTaskManager.swift /Users/jandrews/devel/swift/Argus-app/Argus/CloudKitHealthMonitor.swift (in target 'Argus' from project 'Argus')

SwiftCompile normal arm64 /Users/jandrews/devel/swift/Argus-app/Argus/BackgroundContextManager.swift (in target 'Argus' from project 'Argus')
    cd /Users/jandrews/devel/swift/Argus-app
    

SwiftCompile normal arm64 /Users/jandrews/devel/swift/Argus-app/Argus/BackgroundTaskManager.swift (in target 'Argus' from project 'Argus')
    cd /Users/jandrews/devel/swift/Argus-app
    

SwiftCompile normal arm64 /Users/jandrews/devel/swift/Argus-app/Argus/CloudKitHealthMonitor.swift (in target 'Argus' from project 'Argus')
    cd /Users/jandrews/devel/swift/Argus-app
    

SwiftCompile normal arm64 Compiling\ ArticleServiceProtocol.swift,\ AutoSyncControlsView.swift,\ AutoSyncCoordinator.swift /Users/jandrews/devel/swift/Argus-app/Argus/ArticleServiceProtocol.swift /Users/jandrews/devel/swift/Argus-app/Argus/AutoSyncControlsView.swift /Users/jandrews/devel/swift/Argus-app/Argus/AutoSyncCoordinator.swift (in target 'Argus' from project 'Argus')

SwiftCompile normal arm64 /Users/jandrews/devel/swift/Argus-app/Argus/ArticleServiceProtocol.swift (in target 'Argus' from project 'Argus')
    cd /Users/jandrews/devel/swift/Argus-app
    

SwiftCompile normal arm64 /Users/jandrews/devel/swift/Argus-app/Argus/AutoSyncControlsView.swift (in target 'Argus' from project 'Argus')
    cd /Users/jandrews/devel/swift/Argus-app
    

SwiftCompile normal arm64 /Users/jandrews/devel/swift/Argus-app/Argus/AutoSyncCoordinator.swift (in target 'Argus' from project 'Argus')
    cd /Users/jandrews/devel/swift/Argus-app
    

SwiftCompile normal arm64 Compiling\ CloudKitRequestCoordinator.swift,\ CommonUtilities.swift,\ ContentView.swift /Users/jandrews/devel/swift/Argus-app/Argus/CloudKitRequestCoordinator.swift /Users/jandrews/devel/swift/Argus-app/Argus/CommonUtilities.swift /Users/jandrews/devel/swift/Argus-app/Argus/ContentView.swift (in target 'Argus' from project 'Argus')

SwiftCompile normal arm64 /Users/jandrews/devel/swift/Argus-app/Argus/CloudKitRequestCoordinator.swift (in target 'Argus' from project 'Argus')
    cd /Users/jandrews/devel/swift/Argus-app
    

SwiftCompile normal arm64 /Users/jandrews/devel/swift/Argus-app/Argus/CommonUtilities.swift (in target 'Argus' from project 'Argus')
    cd /Users/jandrews/devel/swift/Argus-app
    

SwiftCompile normal arm64 /Users/jandrews/devel/swift/Argus-app/Argus/ContentView.swift (in target 'Argus' from project 'Argus')
    cd /Users/jandrews/devel/swift/Argus-app
    

SwiftCompile normal arm64 Compiling\ NewsView.swift,\ NewsView+Extensions.swift,\ NewsViewModel.swift /Users/jandrews/devel/swift/Argus-app/Argus/NewsView.swift /Users/jandrews/devel/swift/Argus-app/Argus/NewsView+Extensions.swift /Users/jandrews/devel/swift/Argus-app/Argus/NewsViewModel.swift (in target 'Argus' from project 'Argus')
SwiftCompile normal arm64 /Users/jandrews/devel/swift/Argus-app/Argus/NewsView.swift (in target 'Argus' from project 'Argus')
    cd /Users/jandrews/devel/swift/Argus-app
    

SwiftCompile normal arm64 /Users/jandrews/devel/swift/Argus-app/Argus/NewsView+Extensions.swift (in target 'Argus' from project 'Argus')
    cd /Users/jandrews/devel/swift/Argus-app
    

SwiftCompile normal arm64 /Users/jandrews/devel/swift/Argus-app/Argus/NewsViewModel.swift (in target 'Argus' from project 'Argus')
    cd /Users/jandrews/devel/swift/Argus-app
    

SwiftCompile normal arm64 Compiling\ NavigationTypes.swift,\ NewsDetailView.swift,\ NewsDetailViewModel.swift /Users/jandrews/devel/swift/Argus-app/Argus/NavigationTypes.swift /Users/jandrews/devel/swift/Argus-app/Argus/NewsDetailView.swift /Users/jandrews/devel/swift/Argus-app/Argus/NewsDetailViewModel.swift (in target 'Argus' from project 'Argus')
SwiftCompile normal arm64 /Users/jandrews/devel/swift/Argus-app/Argus/NavigationTypes.swift (in target 'Argus' from project 'Argus')
    cd /Users/jandrews/devel/swift/Argus-app
    

SwiftCompile normal arm64 /Users/jandrews/devel/swift/Argus-app/Argus/NewsDetailView.swift (in target 'Argus' from project 'Argus')
    cd /Users/jandrews/devel/swift/Argus-app
    

SwiftCompile normal arm64 /Users/jandrews/devel/swift/Argus-app/Argus/NewsDetailViewModel.swift (in target 'Argus' from project 'Argus')
    cd /Users/jandrews/devel/swift/Argus-app
    

SwiftCompile normal arm64 Compiling\ DatabaseCoordinator.swift,\ EnhancedRelatedArticlesTest.swift,\ GlobalSyncCoordinator.swift /Users/jandrews/devel/swift/Argus-app/Argus/DatabaseCoordinator.swift /Users/jandrews/devel/swift/Argus-app/Argus/EnhancedRelatedArticlesTest.swift /Users/jandrews/devel/swift/Argus-app/Argus/GlobalSyncCoordinator.swift (in target 'Argus' from project 'Argus')

SwiftCompile normal arm64 /Users/jandrews/devel/swift/Argus-app/Argus/DatabaseCoordinator.swift (in target 'Argus' from project 'Argus')
    cd /Users/jandrews/devel/swift/Argus-app
    

SwiftCompile normal arm64 /Users/jandrews/devel/swift/Argus-app/Argus/EnhancedRelatedArticlesTest.swift (in target 'Argus' from project 'Argus')
    cd /Users/jandrews/devel/swift/Argus-app
    

SwiftCompile normal arm64 /Users/jandrews/devel/swift/Argus-app/Argus/GlobalSyncCoordinator.swift (in target 'Argus' from project 'Argus')
    cd /Users/jandrews/devel/swift/Argus-app
    

SwiftCompile normal arm64 Compiling\ NotificationUtils.swift,\ PreloadManager.swift,\ ProcessingQueueManager.swift /Users/jandrews/devel/swift/Argus-app/Argus/NotificationUtils.swift /Users/jandrews/devel/swift/Argus-app/Argus/PreloadManager.swift /Users/jandrews/devel/swift/Argus-app/Argus/ProcessingQueueManager.swift (in target 'Argus' from project 'Argus')

SwiftCompile normal arm64 /Users/jandrews/devel/swift/Argus-app/Argus/NotificationUtils.swift (in target 'Argus' from project 'Argus')
    cd /Users/jandrews/devel/swift/Argus-app
    

SwiftCompile normal arm64 /Users/jandrews/devel/swift/Argus-app/Argus/PreloadManager.swift (in target 'Argus' from project 'Argus')
    cd /Users/jandrews/devel/swift/Argus-app
    

SwiftCompile normal arm64 /Users/jandrews/devel/swift/Argus-app/Argus/ProcessingQueueManager.swift (in target 'Argus' from project 'Argus')
    cd /Users/jandrews/devel/swift/Argus-app
    

SwiftCompile normal arm64 Compiling\ ArrayExtensions.swift,\ ArticleDataModels.swift,\ ArticleListModels.swift /Users/jandrews/devel/swift/Argus-app/Argus/ArrayExtensions.swift /Users/jandrews/devel/swift/Argus-app/Argus/ArticleDataModels.swift /Users/jandrews/devel/swift/Argus-app/Argus/ArticleListModels.swift (in target 'Argus' from project 'Argus')

SwiftCompile normal arm64 /Users/jandrews/devel/swift/Argus-app/Argus/ArrayExtensions.swift (in target 'Argus' from project 'Argus')
    cd /Users/jandrews/devel/swift/Argus-app
    

SwiftCompile normal arm64 /Users/jandrews/devel/swift/Argus-app/Argus/ArticleDataModels.swift (in target 'Argus' from project 'Argus')
    cd /Users/jandrews/devel/swift/Argus-app
    

SwiftCompile normal arm64 /Users/jandrews/devel/swift/Argus-app/Argus/ArticleListModels.swift (in target 'Argus' from project 'Argus')
    cd /Users/jandrews/devel/swift/Argus-app
    

SwiftCompile normal arm64 Compiling\ Logger.swift,\ MarkdownUtilities.swift,\ ModernizationLogger.swift /Users/jandrews/devel/swift/Argus-app/Argus/Logger.swift /Users/jandrews/devel/swift/Argus-app/Argus/MarkdownUtilities.swift /Users/jandrews/devel/swift/Argus-app/Argus/ModernizationLogger.swift (in target 'Argus' from project 'Argus')
SwiftCompile normal arm64 /Users/jandrews/devel/swift/Argus-app/Argus/Logger.swift (in target 'Argus' from project 'Argus')
    cd /Users/jandrews/devel/swift/Argus-app
    

SwiftCompile normal arm64 /Users/jandrews/devel/swift/Argus-app/Argus/MarkdownUtilities.swift (in target 'Argus' from project 'Argus')
    cd /Users/jandrews/devel/swift/Argus-app
    

SwiftCompile normal arm64 /Users/jandrews/devel/swift/Argus-app/Argus/ModernizationLogger.swift (in target 'Argus' from project 'Argus')
    cd /Users/jandrews/devel/swift/Argus-app
    

SwiftEmitModule normal arm64 Emitting\ module\ for\ Argus (in target 'Argus' from project 'Argus')

EmitSwiftModule normal arm64 (in target 'Argus' from project 'Argus')
    cd /Users/jandrews/devel/swift/Argus-app
    

SwiftCompile normal arm64 Compiling\ SyncStatus.swift,\ SyncStatusIndicator.swift,\ TabNavigationState.swift /Users/jandrews/devel/swift/Argus-app/Argus/SyncStatus.swift /Users/jandrews/devel/swift/Argus-app/Argus/SyncStatusIndicator.swift /Users/jandrews/devel/swift/Argus-app/Argus/TabNavigationState.swift (in target 'Argus' from project 'Argus')

SwiftCompile normal arm64 /Users/jandrews/devel/swift/Argus-app/Argus/SyncStatus.swift (in target 'Argus' from project 'Argus')
    cd /Users/jandrews/devel/swift/Argus-app
    

SwiftCompile normal arm64 /Users/jandrews/devel/swift/Argus-app/Argus/SyncStatusIndicator.swift (in target 'Argus' from project 'Argus')
    cd /Users/jandrews/devel/swift/Argus-app
    

SwiftCompile normal arm64 /Users/jandrews/devel/swift/Argus-app/Argus/TabNavigationState.swift (in target 'Argus' from project 'Argus')
    cd /Users/jandrews/devel/swift/Argus-app
    

SwiftCompile normal arm64 Compiling\ QualityBadges.swift,\ RelatedArticlesComponents.swift,\ SettingsView.swift /Users/jandrews/devel/swift/Argus-app/Argus/QualityBadges.swift /Users/jandrews/devel/swift/Argus-app/Argus/RelatedArticlesComponents.swift /Users/jandrews/devel/swift/Argus-app/Argus/SettingsView.swift (in target 'Argus' from project 'Argus')

SwiftCompile normal arm64 /Users/jandrews/devel/swift/Argus-app/Argus/QualityBadges.swift (in target 'Argus' from project 'Argus')
    cd /Users/jandrews/devel/swift/Argus-app
    

SwiftCompile normal arm64 /Users/jandrews/devel/swift/Argus-app/Argus/RelatedArticlesComponents.swift (in target 'Argus' from project 'Argus')
    cd /Users/jandrews/devel/swift/Argus-app
    

SwiftCompile normal arm64 /Users/jandrews/devel/swift/Argus-app/Argus/SettingsView.swift (in target 'Argus' from project 'Argus')
    cd /Users/jandrews/devel/swift/Argus-app
    

SwiftCompile normal arm64 Compiling\ TestArticleService.swift,\ TopicDiagnosticView.swift,\ UIComponents.swift /Users/jandrews/devel/swift/Argus-app/Argus/TestArticleService.swift /Users/jandrews/devel/swift/Argus-app/Argus/TopicDiagnosticView.swift /Users/jandrews/devel/swift/Argus-app/Argus/UIComponents.swift (in target 'Argus' from project 'Argus')

SwiftCompile normal arm64 /Users/jandrews/devel/swift/Argus-app/Argus/TestArticleService.swift (in target 'Argus' from project 'Argus')
    cd /Users/jandrews/devel/swift/Argus-app
    

SwiftCompile normal arm64 /Users/jandrews/devel/swift/Argus-app/Argus/TopicDiagnosticView.swift (in target 'Argus' from project 'Argus')
    cd /Users/jandrews/devel/swift/Argus-app
    

SwiftCompile normal arm64 /Users/jandrews/devel/swift/Argus-app/Argus/UIComponents.swift (in target 'Argus' from project 'Argus')
    cd /Users/jandrews/devel/swift/Argus-app
    

SwiftCompile normal arm64 Compiling\ SubscriptionsView.swift,\ SwiftDataContainer.swift,\ SyncStatisticsView.swift /Users/jandrews/devel/swift/Argus-app/Argus/SubscriptionsView.swift /Users/jandrews/devel/swift/Argus-app/Argus/SwiftDataContainer.swift /Users/jandrews/devel/swift/Argus-app/Argus/SyncStatisticsView.swift (in target 'Argus' from project 'Argus')

SwiftCompile normal arm64 /Users/jandrews/devel/swift/Argus-app/Argus/SubscriptionsView.swift (in target 'Argus' from project 'Argus')
    cd /Users/jandrews/devel/swift/Argus-app
    

SwiftCompile normal arm64 /Users/jandrews/devel/swift/Argus-app/Argus/SwiftDataContainer.swift (in target 'Argus' from project 'Argus')
    cd /Users/jandrews/devel/swift/Argus-app
    

SwiftCompile normal arm64 /Users/jandrews/devel/swift/Argus-app/Argus/SyncStatisticsView.swift (in target 'Argus' from project 'Argus')
    cd /Users/jandrews/devel/swift/Argus-app
    

SwiftDriverJobDiscovery normal arm64 Compiling SyncStatus.swift, SyncStatusIndicator.swift, TabNavigationState.swift (in target 'Argus' from project 'Argus')

SwiftCompile normal arm64 Compiling\ UserDefaultsExtensions.swift,\ GeneratedAssetSymbols.swift /Users/jandrews/devel/swift/Argus-app/Argus/UserDefaultsExtensions.swift /Users/jandrews/Library/Developer/Xcode/DerivedData/Argus-dciofsjewcrtqnafhqonvosebghg/Build/Intermediates.noindex/Argus.build/Debug-iphonesimulator/Argus.build/DerivedSources/GeneratedAssetSymbols.swift (in target 'Argus' from project 'Argus')

SwiftCompile normal arm64 /Users/jandrews/devel/swift/Argus-app/Argus/UserDefaultsExtensions.swift (in target 'Argus' from project 'Argus')
    cd /Users/jandrews/devel/swift/Argus-app
    

SwiftCompile normal arm64 /Users/jandrews/Library/Developer/Xcode/DerivedData/Argus-dciofsjewcrtqnafhqonvosebghg/Build/Intermediates.noindex/Argus.build/Debug-iphonesimulator/Argus.build/DerivedSources/GeneratedAssetSymbols.swift (in target 'Argus' from project 'Argus')
    cd /Users/jandrews/devel/swift/Argus-app
    

SwiftDriverJobDiscovery normal arm64 Compiling BackgroundContextManager.swift, BackgroundTaskManager.swift, CloudKitHealthMonitor.swift (in target 'Argus' from project 'Argus')

SwiftDriverJobDiscovery normal arm64 Compiling ArticleServiceProtocol.swift, AutoSyncControlsView.swift, AutoSyncCoordinator.swift (in target 'Argus' from project 'Argus')

SwiftDriverJobDiscovery normal arm64 Compiling CloudKitRequestCoordinator.swift, CommonUtilities.swift, ContentView.swift (in target 'Argus' from project 'Argus')

RegisterExecutionPolicyException /Users/jandrews/Library/Developer/Xcode/DerivedData/Argus-dciofsjewcrtqnafhqonvosebghg/Build/Products/Debug-iphonesimulator/SwiftyMarkdown.o (in target 'SwiftyMarkdown' from project 'SwiftyMarkdown')
    cd /Users/jandrews/Library/Developer/Xcode/DerivedData/Argus-dciofsjewcrtqnafhqonvosebghg/SourcePackages/checkouts/SwiftyMarkdown
    builtin-RegisterExecutionPolicyException /Users/jandrews/Library/Developer/Xcode/DerivedData/Argus-dciofsjewcrtqnafhqonvosebghg/Build/Products/Debug-iphonesimulator/SwiftyMarkdown.o

note: Disabling hardened runtime with ad-hoc codesigning. (in target 'Argus' from project 'Argus')
** BUILD FAILED **


The following build commands failed:
	SwiftCompile normal arm64 Compiling\ APIClient.swift,\ AppDelegate.swift,\ ArgusApp.swift /Users/jandrews/devel/swift/Argus-app/Argus/APIClient.swift /Users/jandrews/devel/swift/Argus-app/Argus/AppDelegate.swift /Users/jandrews/devel/swift/Argus-app/Argus/ArgusApp.swift (in target 'Argus' from project 'Argus')
	SwiftCompile normal arm64 /Users/jandrews/devel/swift/Argus-app/Argus/ArgusApp.swift (in target 'Argus' from project 'Argus')
	Building project Argus with scheme Argus
(3 failures)
