========================================
Argus Performance Test Runner with Bug Detection
========================================

🚀 Starting performance tests with enhanced bug detection...

NOTE: The tests will measure the following operations:

[0;34m1. Topic Switching Performance[0m
   - Switching between 7 different topics
   - Target: < 500ms per switch

[0;34m2. Article Detail View Performance[0m
   - Opening article detail view
   - Loading tiny title and summary
   - Loading full content
   - Target: < 300ms to open, < 1s for full content

[0;34m3. Section Expansion Performance[0m
   - Expanding Simple Breakdown
   - Expanding Context & Perspective
   - Expanding Critical Analysis
   - Target: < 200ms per expansion

[0;34m4. Article Navigation[0m
   - Moving to next/previous article
   - Target: < 300ms

[0;35m5. Bug Detection Tests (NEW)[0m
   - Off-by-one position counter detection
   - Article count consistency validation
   - Navigation boundary testing
   - '1 of 1' vs '1 of 2' discrepancy detection

========================================
Running Tests...
========================================

🔍 Running enhanced regression detection tests...
📋 Step 1: Verifying build integrity...
[0;32m✅ Build completed[0m (7s)
📋 Step 2: Running performance tests with enhanced monitoring...
Command line invocation:
    /Applications/Xcode.app/Contents/Developer/usr/bin/xcodebuild test -scheme Argus -destination "platform=iOS Simulator,id=DD439625-C73D-4D1A-9E8F-E99ADEE93CA0" "-only-testing:ArgusUITests/PerformanceTestSuite" "-only-testing:ArgusUITests/ArticleNavigationPerformanceTests"

Resolve Package Graph


Resolved source packages:
  SwiftyMarkdown: https://github.com/SimonFairbairn/SwiftyMarkdown.git @ 1.2.4

--- xcodebuild: WARNING: Using the first of multiple matching destinations:
{ platform:iOS Simulator, arch:arm64, id:DD439625-C73D-4D1A-9E8F-E99ADEE93CA0, OS:18.2, name:iPhone 16 Pro }
{ platform:iOS Simulator, arch:x86_64, id:DD439625-C73D-4D1A-9E8F-E99ADEE93CA0, OS:18.2, name:iPhone 16 Pro }
ComputePackagePrebuildTargetDependencyGraph

Prepare packages

CreateBuildRequest

SendProjectDescription

CreateBuildOperation

ComputeTargetDependencyGraph
note: Building targets in dependency order
note: Target dependency graph (5 targets)
    Target 'ArgusUITests' in project 'Argus'
        ➜ Explicit dependency on target 'Argus' in project 'Argus'
    Target 'ArgusTests' in project 'Argus'
        ➜ Explicit dependency on target 'Argus' in project 'Argus'
    Target 'Argus' in project 'Argus'
        ➜ Explicit dependency on target 'SwiftyMarkdown' in project 'SwiftyMarkdown'
    Target 'SwiftyMarkdown' in project 'SwiftyMarkdown'
        ➜ Explicit dependency on target 'SwiftyMarkdown' in project 'SwiftyMarkdown'
    Target 'SwiftyMarkdown' in project 'SwiftyMarkdown' (no dependencies)

GatherProvisioningInputs

CreateBuildDescription

ExecuteExternalTool /Applications/Xcode.app/Contents/Developer/Toolchains/XcodeDefault.xctoolchain/usr/bin/clang -v -E -dM -isysroot /Applications/Xcode.app/Contents/Developer/Platforms/iPhoneSimulator.platform/Developer/SDKs/iPhoneSimulator26.0.sdk -x c -c /dev/null

ExecuteExternalTool /Applications/Xcode.app/Contents/Developer/Toolchains/XcodeDefault.xctoolchain/usr/bin/swiftc --version

ExecuteExternalTool /Applications/Xcode.app/Contents/Developer/usr/bin/actool --print-asset-tag-combinations --output-format xml1 /Users/jandrews/devel/swift/Argus-app/Argus/Preview Content/Preview Assets.xcassets /Users/jandrews/devel/swift/Argus-app/Argus/Assets.xcassets

ExecuteExternalTool /Applications/Xcode.app/Contents/Developer/usr/bin/actool --version --output-format xml1

ExecuteExternalTool /Applications/Xcode.app/Contents/Developer/Toolchains/XcodeDefault.xctoolchain/usr/bin/ld -version_details

Build description signature: 070936c32cbba9cbbf615ae167be98d0
Build description path: /Users/jandrews/Library/Developer/Xcode/DerivedData/Argus-dciofsjewcrtqnafhqonvosebghg/Build/Intermediates.noindex/XCBuildData/070936c32cbba9cbbf615ae167be98d0.xcbuilddata
ClangStatCache /Applications/Xcode.app/Contents/Developer/Toolchains/XcodeDefault.xctoolchain/usr/bin/clang-stat-cache /Applications/Xcode.app/Contents/Developer/Platforms/iPhoneSimulator.platform/Developer/SDKs/iPhoneSimulator26.0.sdk /Users/jandrews/Library/Developer/Xcode/DerivedData/SDKStatCaches.noindex/iphonesimulator26.0-23A339-26257891a6c027eb51374368541b8346.sdkstatcache
    cd /Users/jandrews/devel/swift/Argus-app/Argus.xcodeproj
    /Applications/Xcode.app/Contents/Developer/Toolchains/XcodeDefault.xctoolchain/usr/bin/clang-stat-cache /Applications/Xcode.app/Contents/Developer/Platforms/iPhoneSimulator.platform/Developer/SDKs/iPhoneSimulator26.0.sdk -o /Users/jandrews/Library/Developer/Xcode/DerivedData/SDKStatCaches.noindex/iphonesimulator26.0-23A339-26257891a6c027eb51374368541b8346.sdkstatcache

WriteAuxiliaryFile /Users/jandrews/Library/Developer/Xcode/DerivedData/Argus-dciofsjewcrtqnafhqonvosebghg/Build/Intermediates.noindex/Argus.build/Debug-iphonesimulator/ArgusTests.build/Objects-normal/arm64/ArgusTests.SwiftFileList (in target 'ArgusTests' from project 'Argus')
    cd /Users/jandrews/devel/swift/Argus-app
    write-file /Users/jandrews/Library/Developer/Xcode/DerivedData/Argus-dciofsjewcrtqnafhqonvosebghg/Build/Intermediates.noindex/Argus.build/Debug-iphonesimulator/ArgusTests.build/Objects-normal/arm64/ArgusTests.SwiftFileList

WriteAuxiliaryFile /Users/jandrews/Library/Developer/Xcode/DerivedData/Argus-dciofsjewcrtqnafhqonvosebghg/Build/Intermediates.noindex/Argus.build/Debug-iphonesimulator/ArgusTests.build/Objects-normal/arm64/ArgusTests.SwiftConstValuesFileList (in target 'ArgusTests' from project 'Argus')
    cd /Users/jandrews/devel/swift/Argus-app
    write-file /Users/jandrews/Library/Developer/Xcode/DerivedData/Argus-dciofsjewcrtqnafhqonvosebghg/Build/Intermediates.noindex/Argus.build/Debug-iphonesimulator/ArgusTests.build/Objects-normal/arm64/ArgusTests.SwiftConstValuesFileList

WriteAuxiliaryFile /Users/jandrews/Library/Developer/Xcode/DerivedData/Argus-dciofsjewcrtqnafhqonvosebghg/Build/Intermediates.noindex/Argus.build/Debug-iphonesimulator/ArgusTests.build/Objects-normal/arm64/ArgusTests.LinkFileList (in target 'ArgusTests' from project 'Argus')
    cd /Users/jandrews/devel/swift/Argus-app
    write-file /Users/jandrews/Library/Developer/Xcode/DerivedData/Argus-dciofsjewcrtqnafhqonvosebghg/Build/Intermediates.noindex/Argus.build/Debug-iphonesimulator/ArgusTests.build/Objects-normal/arm64/ArgusTests.LinkFileList

WriteAuxiliaryFile /Users/jandrews/Library/Developer/Xcode/DerivedData/Argus-dciofsjewcrtqnafhqonvosebghg/Build/Intermediates.noindex/Argus.build/Debug-iphonesimulator/ArgusTests.build/Objects-normal/arm64/ArgusTests-OutputFileMap.json (in target 'ArgusTests' from project 'Argus')
    cd /Users/jandrews/devel/swift/Argus-app
    write-file /Users/jandrews/Library/Developer/Xcode/DerivedData/Argus-dciofsjewcrtqnafhqonvosebghg/Build/Intermediates.noindex/Argus.build/Debug-iphonesimulator/ArgusTests.build/Objects-normal/arm64/ArgusTests-OutputFileMap.json

note: Disabling hardened runtime with ad-hoc codesigning. (in target 'Argus' from project 'Argus')
ProcessProductPackaging /Users/jandrews/devel/swift/Argus-app/Argus/Argus.entitlements /Users/jandrews/Library/Developer/Xcode/DerivedData/Argus-dciofsjewcrtqnafhqonvosebghg/Build/Intermediates.noindex/Argus.build/Debug-iphonesimulator/Argus.build/Argus.app.xcent (in target 'Argus' from project 'Argus')
    cd /Users/jandrews/devel/swift/Argus-app
    
    Entitlements:
    
    {
}
    
    builtin-productPackagingUtility /Users/jandrews/devel/swift/Argus-app/Argus/Argus.entitlements -entitlements -format xml -o /Users/jandrews/Library/Developer/Xcode/DerivedData/Argus-dciofsjewcrtqnafhqonvosebghg/Build/Intermediates.noindex/Argus.build/Debug-iphonesimulator/Argus.build/Argus.app.xcent

ProcessProductPackaging /Users/jandrews/devel/swift/Argus-app/Argus/Argus.entitlements /Users/jandrews/Library/Developer/Xcode/DerivedData/Argus-dciofsjewcrtqnafhqonvosebghg/Build/Intermediates.noindex/Argus.build/Debug-iphonesimulator/Argus.build/Argus.app-Simulated.xcent (in target 'Argus' from project 'Argus')
    cd /Users/jandrews/devel/swift/Argus-app
    
    Entitlements:
    
    {
    "application-identifier" = "C6RPS3BGXX.com.andrews.Argus.Argus";
    "aps-environment" = production;
    "com.apple.developer.aps-environment" = production;
    "com.apple.developer.icloud-container-identifiers" =     (
        "iCloud.com.andrews.Argus.Argus"
    );
    "com.apple.developer.icloud-services" =     (
        CloudKit
    );
}
    
    builtin-productPackagingUtility /Users/jandrews/devel/swift/Argus-app/Argus/Argus.entitlements -entitlements -format xml -o /Users/jandrews/Library/Developer/Xcode/DerivedData/Argus-dciofsjewcrtqnafhqonvosebghg/Build/Intermediates.noindex/Argus.build/Debug-iphonesimulator/Argus.build/Argus.app-Simulated.xcent

ProcessProductPackagingDER /Users/jandrews/Library/Developer/Xcode/DerivedData/Argus-dciofsjewcrtqnafhqonvosebghg/Build/Intermediates.noindex/Argus.build/Debug-iphonesimulator/Argus.build/Argus.app.xcent /Users/jandrews/Library/Developer/Xcode/DerivedData/Argus-dciofsjewcrtqnafhqonvosebghg/Build/Intermediates.noindex/Argus.build/Debug-iphonesimulator/Argus.build/Argus.app.xcent.der (in target 'Argus' from project 'Argus')
    cd /Users/jandrews/devel/swift/Argus-app
    /usr/bin/derq query -f xml -i /Users/jandrews/Library/Developer/Xcode/DerivedData/Argus-dciofsjewcrtqnafhqonvosebghg/Build/Intermediates.noindex/Argus.build/Debug-iphonesimulator/Argus.build/Argus.app.xcent -o /Users/jandrews/Library/Developer/Xcode/DerivedData/Argus-dciofsjewcrtqnafhqonvosebghg/Build/Intermediates.noindex/Argus.build/Debug-iphonesimulator/Argus.build/Argus.app.xcent.der --raw

ProcessProductPackagingDER /Users/jandrews/Library/Developer/Xcode/DerivedData/Argus-dciofsjewcrtqnafhqonvosebghg/Build/Intermediates.noindex/Argus.build/Debug-iphonesimulator/Argus.build/Argus.app-Simulated.xcent /Users/jandrews/Library/Developer/Xcode/DerivedData/Argus-dciofsjewcrtqnafhqonvosebghg/Build/Intermediates.noindex/Argus.build/Debug-iphonesimulator/Argus.build/Argus.app-Simulated.xcent.der (in target 'Argus' from project 'Argus')
    cd /Users/jandrews/devel/swift/Argus-app
    /usr/bin/derq query -f xml -i /Users/jandrews/Library/Developer/Xcode/DerivedData/Argus-dciofsjewcrtqnafhqonvosebghg/Build/Intermediates.noindex/Argus.build/Debug-iphonesimulator/Argus.build/Argus.app-Simulated.xcent -o /Users/jandrews/Library/Developer/Xcode/DerivedData/Argus-dciofsjewcrtqnafhqonvosebghg/Build/Intermediates.noindex/Argus.build/Debug-iphonesimulator/Argus.build/Argus.app-Simulated.xcent.der --raw

ProcessProductPackaging "" /Users/jandrews/Library/Developer/Xcode/DerivedData/Argus-dciofsjewcrtqnafhqonvosebghg/Build/Intermediates.noindex/Argus.build/Debug-iphonesimulator/ArgusUITests.build/ArgusUITests.xctest-Simulated.xcent (in target 'ArgusUITests' from project 'Argus')
    cd /Users/jandrews/devel/swift/Argus-app
    
    Entitlements:
    
    {
    "application-identifier" = "C6RPS3BGXX.com.andrews.Argus.ArgusUITests.xctrunner";
    "keychain-access-groups" =     (
        "C6RPS3BGXX.com.andrews.Argus.ArgusUITests.xctrunner"
    );
}
    
    builtin-productPackagingUtility -entitlements -format xml -o /Users/jandrews/Library/Developer/Xcode/DerivedData/Argus-dciofsjewcrtqnafhqonvosebghg/Build/Intermediates.noindex/Argus.build/Debug-iphonesimulator/ArgusUITests.build/ArgusUITests.xctest-Simulated.xcent

Ld /Users/jandrews/Library/Developer/Xcode/DerivedData/Argus-dciofsjewcrtqnafhqonvosebghg/Build/Products/Debug-iphonesimulator/Argus.app/Argus.debug.dylib normal (in target 'Argus' from project 'Argus')
    cd /Users/jandrews/devel/swift/Argus-app
    /Applications/Xcode.app/Contents/Developer/Toolchains/XcodeDefault.xctoolchain/usr/bin/clang -Xlinker -reproducible -target arm64-apple-ios18.2-simulator -dynamiclib -isysroot /Applications/Xcode.app/Contents/Developer/Platforms/iPhoneSimulator.platform/Developer/SDKs/iPhoneSimulator26.0.sdk -O0 -L/Users/jandrews/Library/Developer/Xcode/DerivedData/Argus-dciofsjewcrtqnafhqonvosebghg/Build/Intermediates.noindex/EagerLinkingTBDs/Debug-iphonesimulator -L/Users/jandrews/Library/Developer/Xcode/DerivedData/Argus-dciofsjewcrtqnafhqonvosebghg/Build/Products/Debug-iphonesimulator -F/Users/jandrews/Library/Developer/Xcode/DerivedData/Argus-dciofsjewcrtqnafhqonvosebghg/Build/Intermediates.noindex/EagerLinkingTBDs/Debug-iphonesimulator -F/Users/jandrews/Library/Developer/Xcode/DerivedData/Argus-dciofsjewcrtqnafhqonvosebghg/Build/Products/Debug-iphonesimulator/PackageFrameworks -F/Users/jandrews/Library/Developer/Xcode/DerivedData/Argus-dciofsjewcrtqnafhqonvosebghg/Build/Products/Debug-iphonesimulator -filelist /Users/jandrews/Library/Developer/Xcode/DerivedData/Argus-dciofsjewcrtqnafhqonvosebghg/Build/Intermediates.noindex/Argus.build/Debug-iphonesimulator/Argus.build/Objects-normal/arm64/Argus.LinkFileList -install_name @rpath/Argus.debug.dylib -Xlinker -rpath -Xlinker /usr/lib/swift -Xlinker -rpath -Xlinker /Users/jandrews/Library/Developer/Xcode/DerivedData/Argus-dciofsjewcrtqnafhqonvosebghg/Build/Products/Debug-iphonesimulator/PackageFrameworks -Xlinker -rpath -Xlinker @executable_path/Frameworks -dead_strip -Xlinker -object_path_lto -Xlinker /Users/jandrews/Library/Developer/Xcode/DerivedData/Argus-dciofsjewcrtqnafhqonvosebghg/Build/Intermediates.noindex/Argus.build/Debug-iphonesimulator/Argus.build/Objects-normal/arm64/Argus_lto.o -rdynamic -Xlinker -no_deduplicate -Xlinker -objc_abi_version -Xlinker 2 -Xlinker -debug_variant -Xlinker -dependency_info -Xlinker /Users/jandrews/Library/Developer/Xcode/DerivedData/Argus-dciofsjewcrtqnafhqonvosebghg/Build/Intermediates.noindex/Argus.build/Debug-iphonesimulator/Argus.build/Objects-normal/arm64/Argus_dependency_info.dat -fobjc-link-runtime -fprofile-instr-generate -L/Applications/Xcode.app/Contents/Developer/Toolchains/XcodeDefault.xctoolchain/usr/lib/swift/iphonesimulator -L/usr/lib/swift -Xlinker -add_ast_path -Xlinker /Users/jandrews/Library/Developer/Xcode/DerivedData/Argus-dciofsjewcrtqnafhqonvosebghg/Build/Intermediates.noindex/Argus.build/Debug-iphonesimulator/Argus.build/Objects-normal/arm64/Argus.swiftmodule @/Users/jandrews/Library/Developer/Xcode/DerivedData/Argus-dciofsjewcrtqnafhqonvosebghg/Build/Intermediates.noindex/Argus.build/Debug-iphonesimulator/Argus.build/Objects-normal/arm64/Argus-linker-args.resp -Wl,-no_warn_duplicate_libraries -Xlinker -alias -Xlinker _main -Xlinker ___debug_main_executable_dylib_entry_point -Xlinker -no_adhoc_codesign -o /Users/jandrews/Library/Developer/Xcode/DerivedData/Argus-dciofsjewcrtqnafhqonvosebghg/Build/Products/Debug-iphonesimulator/Argus.app/Argus.debug.dylib -Xlinker -add_ast_path -Xlinker /Users/jandrews/Library/Developer/Xcode/DerivedData/Argus-dciofsjewcrtqnafhqonvosebghg/Build/Intermediates.noindex/SwiftyMarkdown.build/Debug-iphonesimulator/SwiftyMarkdown.build/Objects-normal/arm64/SwiftyMarkdown.swiftmodule @/Users/jandrews/Library/Developer/Xcode/DerivedData/Argus-dciofsjewcrtqnafhqonvosebghg/Build/Intermediates.noindex/SwiftyMarkdown.build/Debug-iphonesimulator/SwiftyMarkdown.build/Objects-normal/arm64/SwiftyMarkdown-linker-args.resp

SwiftDriver ArgusTests normal arm64 com.apple.xcode.tools.swift.compiler (in target 'ArgusTests' from project 'Argus')
    cd /Users/jandrews/devel/swift/Argus-app
    builtin-SwiftDriver -- /Applications/Xcode.app/Contents/Developer/Toolchains/XcodeDefault.xctoolchain/usr/bin/swiftc -module-name ArgusTests -Onone -enforce-exclusivity\=checked @/Users/jandrews/Library/Developer/Xcode/DerivedData/Argus-dciofsjewcrtqnafhqonvosebghg/Build/Intermediates.noindex/Argus.build/Debug-iphonesimulator/ArgusTests.build/Objects-normal/arm64/ArgusTests.SwiftFileList -DDEBUG -plugin-path /Applications/Xcode.app/Contents/Developer/Toolchains/XcodeDefault.xctoolchain/usr/lib/swift/host/plugins/testing -enable-bare-slash-regex -enable-experimental-feature DebugDescriptionMacro -sdk /Applications/Xcode.app/Contents/Developer/Platforms/iPhoneSimulator.platform/Developer/SDKs/iPhoneSimulator26.0.sdk -target arm64-apple-ios18.2-simulator -g -module-cache-path /Users/jandrews/Library/Developer/Xcode/DerivedData/ModuleCache.noindex -Xfrontend -serialize-debugging-options -profile-coverage-mapping -profile-generate -enable-testing -index-store-path /Users/jandrews/Library/Developer/Xcode/DerivedData/Argus-dciofsjewcrtqnafhqonvosebghg/Index.noindex/DataStore -Xcc -D_LIBCPP_HARDENING_MODE\=_LIBCPP_HARDENING_MODE_DEBUG -swift-version 5 -I /Users/jandrews/Library/Developer/Xcode/DerivedData/Argus-dciofsjewcrtqnafhqonvosebghg/Build/Products/Debug-iphonesimulator -Isystem /Applications/Xcode.app/Contents/Developer/Platforms/iPhoneSimulator.platform/Developer/usr/lib -F /Users/jandrews/Library/Developer/Xcode/DerivedData/Argus-dciofsjewcrtqnafhqonvosebghg/Build/Products/Debug-iphonesimulator/PackageFrameworks -F /Users/jandrews/Library/Developer/Xcode/DerivedData/Argus-dciofsjewcrtqnafhqonvosebghg/Build/Products/Debug-iphonesimulator -F /Applications/Xcode.app/Contents/Developer/Platforms/iPhoneSimulator.platform/Developer/Library/Frameworks -F /Applications/Xcode.app/Contents/Developer/Platforms/iPhoneSimulator.platform/Developer/SDKs/iPhoneSimulator26.0.sdk/Developer/Library/Frameworks -parse-as-library -c -j16 -enable-batch-mode -incremental -Xcc -ivfsstatcache -Xcc /Users/jandrews/Library/Developer/Xcode/DerivedData/SDKStatCaches.noindex/iphonesimulator26.0-23A339-26257891a6c027eb51374368541b8346.sdkstatcache -output-file-map /Users/jandrews/Library/Developer/Xcode/DerivedData/Argus-dciofsjewcrtqnafhqonvosebghg/Build/Intermediates.noindex/Argus.build/Debug-iphonesimulator/ArgusTests.build/Objects-normal/arm64/ArgusTests-OutputFileMap.json -use-frontend-parseable-output -save-temps -no-color-diagnostics -explicit-module-build -module-cache-path /Users/jandrews/Library/Developer/Xcode/DerivedData/Argus-dciofsjewcrtqnafhqonvosebghg/Build/Intermediates.noindex/SwiftExplicitPrecompiledModules -clang-scanner-module-cache-path /Users/jandrews/Library/Developer/Xcode/DerivedData/ModuleCache.noindex -sdk-module-cache-path /Users/jandrews/Library/Developer/Xcode/DerivedData/ModuleCache.noindex -serialize-diagnostics -emit-dependencies -emit-module -emit-module-path /Users/jandrews/Library/Developer/Xcode/DerivedData/Argus-dciofsjewcrtqnafhqonvosebghg/Build/Intermediates.noindex/Argus.build/Debug-iphonesimulator/ArgusTests.build/Objects-normal/arm64/ArgusTests.swiftmodule -validate-clang-modules-once -clang-build-session-file /Users/jandrews/Library/Developer/Xcode/DerivedData/ModuleCache.noindex/Session.modulevalidation -Xcc -I/Users/jandrews/Library/Developer/Xcode/DerivedData/Argus-dciofsjewcrtqnafhqonvosebghg/Build/Intermediates.noindex/Argus.build/Debug-iphonesimulator/ArgusTests.build/swift-overrides.hmap -emit-const-values -Xfrontend -const-gather-protocols-file -Xfrontend /Users/jandrews/Library/Developer/Xcode/DerivedData/Argus-dciofsjewcrtqnafhqonvosebghg/Build/Intermediates.noindex/Argus.build/Debug-iphonesimulator/ArgusTests.build/Objects-normal/arm64/ArgusTests_const_extract_protocols.json -Xcc -iquote -Xcc /Users/jandrews/Library/Developer/Xcode/DerivedData/Argus-dciofsjewcrtqnafhqonvosebghg/Build/Intermediates.noindex/Argus.build/Debug-iphonesimulator/ArgusTests.build/ArgusTests-generated-files.hmap -Xcc -I/Users/jandrews/Library/Developer/Xcode/DerivedData/Argus-dciofsjewcrtqnafhqonvosebghg/Build/Intermediates.noindex/Argus.build/Debug-iphonesimulator/ArgusTests.build/ArgusTests-own-target-headers.hmap -Xcc -I/Users/jandrews/Library/Developer/Xcode/DerivedData/Argus-dciofsjewcrtqnafhqonvosebghg/Build/Intermediates.noindex/Argus.build/Debug-iphonesimulator/ArgusTests.build/ArgusTests-all-non-framework-target-headers.hmap -Xcc -ivfsoverlay -Xcc /Users/jandrews/Library/Developer/Xcode/DerivedData/Argus-dciofsjewcrtqnafhqonvosebghg/Build/Intermediates.noindex/Argus.build/Debug-iphonesimulator/Argus-d16f32cc8be5b21acd5f474e97425566-VFS-iphonesimulator/all-product-headers.yaml -Xcc -iquote -Xcc /Users/jandrews/Library/Developer/Xcode/DerivedData/Argus-dciofsjewcrtqnafhqonvosebghg/Build/Intermediates.noindex/Argus.build/Debug-iphonesimulator/ArgusTests.build/ArgusTests-project-headers.hmap -Xcc -I/Users/jandrews/Library/Developer/Xcode/DerivedData/Argus-dciofsjewcrtqnafhqonvosebghg/Build/Products/Debug-iphonesimulator/include -Xcc -I/Users/jandrews/Library/Developer/Xcode/DerivedData/Argus-dciofsjewcrtqnafhqonvosebghg/Build/Intermediates.noindex/Argus.build/Debug-iphonesimulator/ArgusTests.build/DerivedSources-normal/arm64 -Xcc -I/Users/jandrews/Library/Developer/Xcode/DerivedData/Argus-dciofsjewcrtqnafhqonvosebghg/Build/Intermediates.noindex/Argus.build/Debug-iphonesimulator/ArgusTests.build/DerivedSources/arm64 -Xcc -I/Users/jandrews/Library/Developer/Xcode/DerivedData/Argus-dciofsjewcrtqnafhqonvosebghg/Build/Intermediates.noindex/Argus.build/Debug-iphonesimulator/ArgusTests.build/DerivedSources -Xcc -DDEBUG\=1 -emit-objc-header -emit-objc-header-path /Users/jandrews/Library/Developer/Xcode/DerivedData/Argus-dciofsjewcrtqnafhqonvosebghg/Build/Intermediates.noindex/Argus.build/Debug-iphonesimulator/ArgusTests.build/Objects-normal/arm64/ArgusTests-Swift.h -working-directory /Users/jandrews/devel/swift/Argus-app -experimental-emit-module-separately -disable-cmo

ProcessInfoPlistFile /Users/jandrews/Library/Developer/Xcode/DerivedData/Argus-dciofsjewcrtqnafhqonvosebghg/Build/Products/Debug-iphonesimulator/Argus.app/Info.plist /Users/jandrews/devel/swift/Argus-app/Argus/Info.plist (in target 'Argus' from project 'Argus')
    cd /Users/jandrews/devel/swift/Argus-app
    builtin-infoPlistUtility /Users/jandrews/devel/swift/Argus-app/Argus/Info.plist -producttype com.apple.product-type.application -genpkginfo /Users/jandrews/Library/Developer/Xcode/DerivedData/Argus-dciofsjewcrtqnafhqonvosebghg/Build/Products/Debug-iphonesimulator/Argus.app/PkgInfo -expandbuildsettings -format binary -platform iphonesimulator -additionalcontentfile /Users/jandrews/Library/Developer/Xcode/DerivedData/Argus-dciofsjewcrtqnafhqonvosebghg/Build/Intermediates.noindex/Argus.build/Debug-iphonesimulator/Argus.build/assetcatalog_generated_info.plist -o /Users/jandrews/Library/Developer/Xcode/DerivedData/Argus-dciofsjewcrtqnafhqonvosebghg/Build/Products/Debug-iphonesimulator/Argus.app/Info.plist

ProcessProductPackagingDER /Users/jandrews/Library/Developer/Xcode/DerivedData/Argus-dciofsjewcrtqnafhqonvosebghg/Build/Intermediates.noindex/Argus.build/Debug-iphonesimulator/ArgusUITests.build/ArgusUITests.xctest-Simulated.xcent /Users/jandrews/Library/Developer/Xcode/DerivedData/Argus-dciofsjewcrtqnafhqonvosebghg/Build/Intermediates.noindex/Argus.build/Debug-iphonesimulator/ArgusUITests.build/ArgusUITests.xctest-Simulated.xcent.der (in target 'ArgusUITests' from project 'Argus')
    cd /Users/jandrews/devel/swift/Argus-app
    /usr/bin/derq query -f xml -i /Users/jandrews/Library/Developer/Xcode/DerivedData/Argus-dciofsjewcrtqnafhqonvosebghg/Build/Intermediates.noindex/Argus.build/Debug-iphonesimulator/ArgusUITests.build/ArgusUITests.xctest-Simulated.xcent -o /Users/jandrews/Library/Developer/Xcode/DerivedData/Argus-dciofsjewcrtqnafhqonvosebghg/Build/Intermediates.noindex/Argus.build/Debug-iphonesimulator/ArgusUITests.build/ArgusUITests.xctest-Simulated.xcent.der --raw

SwiftDriver ArgusUITests normal arm64 com.apple.xcode.tools.swift.compiler (in target 'ArgusUITests' from project 'Argus')
    cd /Users/jandrews/devel/swift/Argus-app
    builtin-SwiftDriver -- /Applications/Xcode.app/Contents/Developer/Toolchains/XcodeDefault.xctoolchain/usr/bin/swiftc -module-name ArgusUITests -Onone -enforce-exclusivity\=checked @/Users/jandrews/Library/Developer/Xcode/DerivedData/Argus-dciofsjewcrtqnafhqonvosebghg/Build/Intermediates.noindex/Argus.build/Debug-iphonesimulator/ArgusUITests.build/Objects-normal/arm64/ArgusUITests.SwiftFileList -DDEBUG -module-alias Testing\=_Testing_Unavailable -plugin-path /Applications/Xcode.app/Contents/Developer/Toolchains/XcodeDefault.xctoolchain/usr/lib/swift/host/plugins/testing -enable-bare-slash-regex -enable-experimental-feature DebugDescriptionMacro -sdk /Applications/Xcode.app/Contents/Developer/Platforms/iPhoneSimulator.platform/Developer/SDKs/iPhoneSimulator26.0.sdk -target arm64-apple-ios18.2-simulator -g -module-cache-path /Users/jandrews/Library/Developer/Xcode/DerivedData/ModuleCache.noindex -Xfrontend -serialize-debugging-options -profile-coverage-mapping -profile-generate -enable-testing -index-store-path /Users/jandrews/Library/Developer/Xcode/DerivedData/Argus-dciofsjewcrtqnafhqonvosebghg/Index.noindex/DataStore -Xcc -D_LIBCPP_HARDENING_MODE\=_LIBCPP_HARDENING_MODE_DEBUG -swift-version 5 -I /Users/jandrews/Library/Developer/Xcode/DerivedData/Argus-dciofsjewcrtqnafhqonvosebghg/Build/Products/Debug-iphonesimulator -Isystem /Applications/Xcode.app/Contents/Developer/Platforms/iPhoneSimulator.platform/Developer/usr/lib -F /Users/jandrews/Library/Developer/Xcode/DerivedData/Argus-dciofsjewcrtqnafhqonvosebghg/Build/Products/Debug-iphonesimulator -F /Applications/Xcode.app/Contents/Developer/Platforms/iPhoneSimulator.platform/Developer/Library/Frameworks -F /Applications/Xcode.app/Contents/Developer/Platforms/iPhoneSimulator.platform/Developer/SDKs/iPhoneSimulator26.0.sdk/Developer/Library/Frameworks -c -j16 -enable-batch-mode -incremental -Xcc -ivfsstatcache -Xcc /Users/jandrews/Library/Developer/Xcode/DerivedData/SDKStatCaches.noindex/iphonesimulator26.0-23A339-26257891a6c027eb51374368541b8346.sdkstatcache -output-file-map /Users/jandrews/Library/Developer/Xcode/DerivedData/Argus-dciofsjewcrtqnafhqonvosebghg/Build/Intermediates.noindex/Argus.build/Debug-iphonesimulator/ArgusUITests.build/Objects-normal/arm64/ArgusUITests-OutputFileMap.json -use-frontend-parseable-output -save-temps -no-color-diagnostics -explicit-module-build -module-cache-path /Users/jandrews/Library/Developer/Xcode/DerivedData/Argus-dciofsjewcrtqnafhqonvosebghg/Build/Intermediates.noindex/SwiftExplicitPrecompiledModules -clang-scanner-module-cache-path /Users/jandrews/Library/Developer/Xcode/DerivedData/ModuleCache.noindex -sdk-module-cache-path /Users/jandrews/Library/Developer/Xcode/DerivedData/ModuleCache.noindex -serialize-diagnostics -emit-dependencies -emit-module -emit-module-path /Users/jandrews/Library/Developer/Xcode/DerivedData/Argus-dciofsjewcrtqnafhqonvosebghg/Build/Intermediates.noindex/Argus.build/Debug-iphonesimulator/ArgusUITests.build/Objects-normal/arm64/ArgusUITests.swiftmodule -validate-clang-modules-once -clang-build-session-file /Users/jandrews/Library/Developer/Xcode/DerivedData/ModuleCache.noindex/Session.modulevalidation -Xcc -I/Users/jandrews/Library/Developer/Xcode/DerivedData/Argus-dciofsjewcrtqnafhqonvosebghg/Build/Intermediates.noindex/Argus.build/Debug-iphonesimulator/ArgusUITests.build/swift-overrides.hmap -emit-const-values -Xfrontend -const-gather-protocols-file -Xfrontend /Users/jandrews/Library/Developer/Xcode/DerivedData/Argus-dciofsjewcrtqnafhqonvosebghg/Build/Intermediates.noindex/Argus.build/Debug-iphonesimulator/ArgusUITests.build/Objects-normal/arm64/ArgusUITests_const_extract_protocols.json -Xcc -iquote -Xcc /Users/jandrews/Library/Developer/Xcode/DerivedData/Argus-dciofsjewcrtqnafhqonvosebghg/Build/Intermediates.noindex/Argus.build/Debug-iphonesimulator/ArgusUITests.build/ArgusUITests-generated-files.hmap -Xcc -I/Users/jandrews/Library/Developer/Xcode/DerivedData/Argus-dciofsjewcrtqnafhqonvosebghg/Build/Intermediates.noindex/Argus.build/Debug-iphonesimulator/ArgusUITests.build/ArgusUITests-own-target-headers.hmap -Xcc -I/Users/jandrews/Library/Developer/Xcode/DerivedData/Argus-dciofsjewcrtqnafhqonvosebghg/Build/Intermediates.noindex/Argus.build/Debug-iphonesimulator/ArgusUITests.build/ArgusUITests-all-non-framework-target-headers.hmap -Xcc -ivfsoverlay -Xcc /Users/jandrews/Library/Developer/Xcode/DerivedData/Argus-dciofsjewcrtqnafhqonvosebghg/Build/Intermediates.noindex/Argus.build/Debug-iphonesimulator/Argus-d16f32cc8be5b21acd5f474e97425566-VFS-iphonesimulator/all-product-headers.yaml -Xcc -iquote -Xcc /Users/jandrews/Library/Developer/Xcode/DerivedData/Argus-dciofsjewcrtqnafhqonvosebghg/Build/Intermediates.noindex/Argus.build/Debug-iphonesimulator/ArgusUITests.build/ArgusUITests-project-headers.hmap -Xcc -I/Users/jandrews/Library/Developer/Xcode/DerivedData/Argus-dciofsjewcrtqnafhqonvosebghg/Build/Products/Debug-iphonesimulator/include -Xcc -I/Users/jandrews/Library/Developer/Xcode/DerivedData/Argus-dciofsjewcrtqnafhqonvosebghg/Build/Intermediates.noindex/Argus.build/Debug-iphonesimulator/ArgusUITests.build/DerivedSources-normal/arm64 -Xcc -I/Users/jandrews/Library/Developer/Xcode/DerivedData/Argus-dciofsjewcrtqnafhqonvosebghg/Build/Intermediates.noindex/Argus.build/Debug-iphonesimulator/ArgusUITests.build/DerivedSources/arm64 -Xcc -I/Users/jandrews/Library/Developer/Xcode/DerivedData/Argus-dciofsjewcrtqnafhqonvosebghg/Build/Intermediates.noindex/Argus.build/Debug-iphonesimulator/ArgusUITests.build/DerivedSources -Xcc -DDEBUG\=1 -emit-objc-header -emit-objc-header-path /Users/jandrews/Library/Developer/Xcode/DerivedData/Argus-dciofsjewcrtqnafhqonvosebghg/Build/Intermediates.noindex/Argus.build/Debug-iphonesimulator/ArgusUITests.build/Objects-normal/arm64/ArgusUITests-Swift.h -working-directory /Users/jandrews/devel/swift/Argus-app -experimental-emit-module-separately -disable-cmo

SwiftEmitModule normal arm64 Emitting\ module\ for\ ArgusTests (in target 'ArgusTests' from project 'Argus')

SwiftCompile normal arm64 /Users/jandrews/devel/swift/Argus-app/ArgusTests/ArgusTests.swift (in target 'ArgusTests' from project 'Argus')
    cd /Users/jandrews/devel/swift/Argus-app
    

SwiftCompile normal arm64 Compiling\ ArgusTests.swift /Users/jandrews/devel/swift/Argus-app/ArgusTests/ArgusTests.swift (in target 'ArgusTests' from project 'Argus')

SwiftCompile normal arm64 /Users/jandrews/devel/swift/Argus-app/ArgusTests/ArgusTests.swift (in target 'ArgusTests' from project 'Argus')
    cd /Users/jandrews/devel/swift/Argus-app
    

SwiftEmitModule normal arm64 Emitting\ module\ for\ ArgusUITests (in target 'ArgusUITests' from project 'Argus')
EmitSwiftModule normal arm64 (in target 'ArgusUITests' from project 'Argus')
    cd /Users/jandrews/devel/swift/Argus-app
    

SwiftCompile normal arm64 Compiling\ ArticleContentValidationTests.swift /Users/jandrews/devel/swift/Argus-app/ArgusUITests/ArticleContentValidationTests.swift (in target 'ArgusUITests' from project 'Argus')
SwiftCompile normal arm64 /Users/jandrews/devel/swift/Argus-app/ArgusUITests/ArticleContentValidationTests.swift (in target 'ArgusUITests' from project 'Argus')
    cd /Users/jandrews/devel/swift/Argus-app
    

SwiftCompile normal arm64 Compiling\ ArticleNavigationPerformanceTests.swift /Users/jandrews/devel/swift/Argus-app/ArgusUITests/ArticleNavigationPerformanceTests.swift (in target 'ArgusUITests' from project 'Argus')
SwiftCompile normal arm64 /Users/jandrews/devel/swift/Argus-app/ArgusUITests/ArticleNavigationPerformanceTests.swift (in target 'ArgusUITests' from project 'Argus')
    cd /Users/jandrews/devel/swift/Argus-app
    
/Users/jandrews/devel/swift/Argus-app/ArgusUITests/ArticleNavigationPerformanceTests.swift:173:13: warning: variable 'progressiveTimeout' was never mutated; consider changing to 'let' constant
        var progressiveTimeout = min(2.0, timeout)
        ~~~ ^
        let
/Users/jandrews/devel/swift/Argus-app/ArgusUITests/ArticleNavigationPerformanceTests.swift:489:14: warning: immutable value 'index' was never used; consider replacing with '_' or removing it
        for (index, cellIndex) in testPositions.enumerated() {
             ^~~~~
             _

SwiftCompile normal arm64 Compiling\ NewsDetailViewTests.swift /Users/jandrews/devel/swift/Argus-app/ArgusUITests/NewsDetailViewTests.swift (in target 'ArgusUITests' from project 'Argus')

SwiftCompile normal arm64 /Users/jandrews/devel/swift/Argus-app/ArgusUITests/NewsDetailViewTests.swift (in target 'ArgusUITests' from project 'Argus')
    cd /Users/jandrews/devel/swift/Argus-app
    

SwiftCompile normal arm64 Compiling\ PerformanceTestSuite.swift /Users/jandrews/devel/swift/Argus-app/ArgusUITests/PerformanceTestSuite.swift (in target 'ArgusUITests' from project 'Argus')

SwiftCompile normal arm64 /Users/jandrews/devel/swift/Argus-app/ArgusUITests/PerformanceTestSuite.swift (in target 'ArgusUITests' from project 'Argus')
    cd /Users/jandrews/devel/swift/Argus-app
    

SwiftCompile normal arm64 Compiling\ ArgusUITests.swift /Users/jandrews/devel/swift/Argus-app/ArgusUITests/ArgusUITests.swift (in target 'ArgusUITests' from project 'Argus')

SwiftCompile normal arm64 /Users/jandrews/devel/swift/Argus-app/ArgusUITests/ArgusUITests.swift (in target 'ArgusUITests' from project 'Argus')
    cd /Users/jandrews/devel/swift/Argus-app
    

SwiftCompile normal arm64 Compiling\ NewsDetailViewNavigationTests.swift /Users/jandrews/devel/swift/Argus-app/ArgusUITests/NewsDetailViewNavigationTests.swift (in target 'ArgusUITests' from project 'Argus')

SwiftCompile normal arm64 /Users/jandrews/devel/swift/Argus-app/ArgusUITests/NewsDetailViewNavigationTests.swift (in target 'ArgusUITests' from project 'Argus')
    cd /Users/jandrews/devel/swift/Argus-app
    
/Users/jandrews/devel/swift/Argus-app/ArgusUITests/NewsDetailViewNavigationTests.swift:38:13: warning: initialization of immutable value 'firstTitleText' was never used; consider replacing with assignment to '_' or removing it
        let firstTitleText = firstArticleTitle.label
        ~~~~^~~~~~~~~~~~~~
        _

SwiftDriverJobDiscovery normal arm64 Emitting module for ArgusTests (in target 'ArgusTests' from project 'Argus')

SwiftDriver\ Compilation\ Requirements ArgusTests normal arm64 com.apple.xcode.tools.swift.compiler (in target 'ArgusTests' from project 'Argus')
    cd /Users/jandrews/devel/swift/Argus-app
    builtin-Swift-Compilation-Requirements -- /Applications/Xcode.app/Contents/Developer/Toolchains/XcodeDefault.xctoolchain/usr/bin/swiftc -module-name ArgusTests -Onone -enforce-exclusivity\=checked @/Users/jandrews/Library/Developer/Xcode/DerivedData/Argus-dciofsjewcrtqnafhqonvosebghg/Build/Intermediates.noindex/Argus.build/Debug-iphonesimulator/ArgusTests.build/Objects-normal/arm64/ArgusTests.SwiftFileList -DDEBUG -plugin-path /Applications/Xcode.app/Contents/Developer/Toolchains/XcodeDefault.xctoolchain/usr/lib/swift/host/plugins/testing -enable-bare-slash-regex -enable-experimental-feature DebugDescriptionMacro -sdk /Applications/Xcode.app/Contents/Developer/Platforms/iPhoneSimulator.platform/Developer/SDKs/iPhoneSimulator26.0.sdk -target arm64-apple-ios18.2-simulator -g -module-cache-path /Users/jandrews/Library/Developer/Xcode/DerivedData/ModuleCache.noindex -Xfrontend -serialize-debugging-options -profile-coverage-mapping -profile-generate -enable-testing -index-store-path /Users/jandrews/Library/Developer/Xcode/DerivedData/Argus-dciofsjewcrtqnafhqonvosebghg/Index.noindex/DataStore -Xcc -D_LIBCPP_HARDENING_MODE\=_LIBCPP_HARDENING_MODE_DEBUG -swift-version 5 -I /Users/jandrews/Library/Developer/Xcode/DerivedData/Argus-dciofsjewcrtqnafhqonvosebghg/Build/Products/Debug-iphonesimulator -Isystem /Applications/Xcode.app/Contents/Developer/Platforms/iPhoneSimulator.platform/Developer/usr/lib -F /Users/jandrews/Library/Developer/Xcode/DerivedData/Argus-dciofsjewcrtqnafhqonvosebghg/Build/Products/Debug-iphonesimulator/PackageFrameworks -F /Users/jandrews/Library/Developer/Xcode/DerivedData/Argus-dciofsjewcrtqnafhqonvosebghg/Build/Products/Debug-iphonesimulator -F /Applications/Xcode.app/Contents/Developer/Platforms/iPhoneSimulator.platform/Developer/Library/Frameworks -F /Applications/Xcode.app/Contents/Developer/Platforms/iPhoneSimulator.platform/Developer/SDKs/iPhoneSimulator26.0.sdk/Developer/Library/Frameworks -parse-as-library -c -j16 -enable-batch-mode -incremental -Xcc -ivfsstatcache -Xcc /Users/jandrews/Library/Developer/Xcode/DerivedData/SDKStatCaches.noindex/iphonesimulator26.0-23A339-26257891a6c027eb51374368541b8346.sdkstatcache -output-file-map /Users/jandrews/Library/Developer/Xcode/DerivedData/Argus-dciofsjewcrtqnafhqonvosebghg/Build/Intermediates.noindex/Argus.build/Debug-iphonesimulator/ArgusTests.build/Objects-normal/arm64/ArgusTests-OutputFileMap.json -use-frontend-parseable-output -save-temps -no-color-diagnostics -explicit-module-build -module-cache-path /Users/jandrews/Library/Developer/Xcode/DerivedData/Argus-dciofsjewcrtqnafhqonvosebghg/Build/Intermediates.noindex/SwiftExplicitPrecompiledModules -clang-scanner-module-cache-path /Users/jandrews/Library/Developer/Xcode/DerivedData/ModuleCache.noindex -sdk-module-cache-path /Users/jandrews/Library/Developer/Xcode/DerivedData/ModuleCache.noindex -serialize-diagnostics -emit-dependencies -emit-module -emit-module-path /Users/jandrews/Library/Developer/Xcode/DerivedData/Argus-dciofsjewcrtqnafhqonvosebghg/Build/Intermediates.noindex/Argus.build/Debug-iphonesimulator/ArgusTests.build/Objects-normal/arm64/ArgusTests.swiftmodule -validate-clang-modules-once -clang-build-session-file /Users/jandrews/Library/Developer/Xcode/DerivedData/ModuleCache.noindex/Session.modulevalidation -Xcc -I/Users/jandrews/Library/Developer/Xcode/DerivedData/Argus-dciofsjewcrtqnafhqonvosebghg/Build/Intermediates.noindex/Argus.build/Debug-iphonesimulator/ArgusTests.build/swift-overrides.hmap -emit-const-values -Xfrontend -const-gather-protocols-file -Xfrontend /Users/jandrews/Library/Developer/Xcode/DerivedData/Argus-dciofsjewcrtqnafhqonvosebghg/Build/Intermediates.noindex/Argus.build/Debug-iphonesimulator/ArgusTests.build/Objects-normal/arm64/ArgusTests_const_extract_protocols.json -Xcc -iquote -Xcc /Users/jandrews/Library/Developer/Xcode/DerivedData/Argus-dciofsjewcrtqnafhqonvosebghg/Build/Intermediates.noindex/Argus.build/Debug-iphonesimulator/ArgusTests.build/ArgusTests-generated-files.hmap -Xcc -I/Users/jandrews/Library/Developer/Xcode/DerivedData/Argus-dciofsjewcrtqnafhqonvosebghg/Build/Intermediates.noindex/Argus.build/Debug-iphonesimulator/ArgusTests.build/ArgusTests-own-target-headers.hmap -Xcc -I/Users/jandrews/Library/Developer/Xcode/DerivedData/Argus-dciofsjewcrtqnafhqonvosebghg/Build/Intermediates.noindex/Argus.build/Debug-iphonesimulator/ArgusTests.build/ArgusTests-all-non-framework-target-headers.hmap -Xcc -ivfsoverlay -Xcc /Users/jandrews/Library/Developer/Xcode/DerivedData/Argus-dciofsjewcrtqnafhqonvosebghg/Build/Intermediates.noindex/Argus.build/Debug-iphonesimulator/Argus-d16f32cc8be5b21acd5f474e97425566-VFS-iphonesimulator/all-product-headers.yaml -Xcc -iquote -Xcc /Users/jandrews/Library/Developer/Xcode/DerivedData/Argus-dciofsjewcrtqnafhqonvosebghg/Build/Intermediates.noindex/Argus.build/Debug-iphonesimulator/ArgusTests.build/ArgusTests-project-headers.hmap -Xcc -I/Users/jandrews/Library/Developer/Xcode/DerivedData/Argus-dciofsjewcrtqnafhqonvosebghg/Build/Products/Debug-iphonesimulator/include -Xcc -I/Users/jandrews/Library/Developer/Xcode/DerivedData/Argus-dciofsjewcrtqnafhqonvosebghg/Build/Intermediates.noindex/Argus.build/Debug-iphonesimulator/ArgusTests.build/DerivedSources-normal/arm64 -Xcc -I/Users/jandrews/Library/Developer/Xcode/DerivedData/Argus-dciofsjewcrtqnafhqonvosebghg/Build/Intermediates.noindex/Argus.build/Debug-iphonesimulator/ArgusTests.build/DerivedSources/arm64 -Xcc -I/Users/jandrews/Library/Developer/Xcode/DerivedData/Argus-dciofsjewcrtqnafhqonvosebghg/Build/Intermediates.noindex/Argus.build/Debug-iphonesimulator/ArgusTests.build/DerivedSources -Xcc -DDEBUG\=1 -emit-objc-header -emit-objc-header-path /Users/jandrews/Library/Developer/Xcode/DerivedData/Argus-dciofsjewcrtqnafhqonvosebghg/Build/Intermediates.noindex/Argus.build/Debug-iphonesimulator/ArgusTests.build/Objects-normal/arm64/ArgusTests-Swift.h -working-directory /Users/jandrews/devel/swift/Argus-app -experimental-emit-module-separately -disable-cmo

SwiftMergeGeneratedHeaders /Users/jandrews/Library/Developer/Xcode/DerivedData/Argus-dciofsjewcrtqnafhqonvosebghg/Build/Intermediates.noindex/Argus.build/Debug-iphonesimulator/ArgusTests.build/DerivedSources/ArgusTests-Swift.h /Users/jandrews/Library/Developer/Xcode/DerivedData/Argus-dciofsjewcrtqnafhqonvosebghg/Build/Intermediates.noindex/Argus.build/Debug-iphonesimulator/ArgusTests.build/Objects-normal/arm64/ArgusTests-Swift.h (in target 'ArgusTests' from project 'Argus')
    cd /Users/jandrews/devel/swift/Argus-app
    builtin-swiftHeaderTool -arch arm64 /Users/jandrews/Library/Developer/Xcode/DerivedData/Argus-dciofsjewcrtqnafhqonvosebghg/Build/Intermediates.noindex/Argus.build/Debug-iphonesimulator/ArgusTests.build/Objects-normal/arm64/ArgusTests-Swift.h -o /Users/jandrews/Library/Developer/Xcode/DerivedData/Argus-dciofsjewcrtqnafhqonvosebghg/Build/Intermediates.noindex/Argus.build/Debug-iphonesimulator/ArgusTests.build/DerivedSources/ArgusTests-Swift.h

Copy /Users/jandrews/Library/Developer/Xcode/DerivedData/Argus-dciofsjewcrtqnafhqonvosebghg/Build/Products/Debug-iphonesimulator/ArgusTests.swiftmodule/arm64-apple-ios-simulator.abi.json /Users/jandrews/Library/Developer/Xcode/DerivedData/Argus-dciofsjewcrtqnafhqonvosebghg/Build/Intermediates.noindex/Argus.build/Debug-iphonesimulator/ArgusTests.build/Objects-normal/arm64/ArgusTests.abi.json (in target 'ArgusTests' from project 'Argus')
    cd /Users/jandrews/devel/swift/Argus-app
    builtin-copy -exclude .DS_Store -exclude CVS -exclude .svn -exclude .git -exclude .hg -resolve-src-symlinks -rename /Users/jandrews/Library/Developer/Xcode/DerivedData/Argus-dciofsjewcrtqnafhqonvosebghg/Build/Intermediates.noindex/Argus.build/Debug-iphonesimulator/ArgusTests.build/Objects-normal/arm64/ArgusTests.abi.json /Users/jandrews/Library/Developer/Xcode/DerivedData/Argus-dciofsjewcrtqnafhqonvosebghg/Build/Products/Debug-iphonesimulator/ArgusTests.swiftmodule/arm64-apple-ios-simulator.abi.json

Copy /Users/jandrews/Library/Developer/Xcode/DerivedData/Argus-dciofsjewcrtqnafhqonvosebghg/Build/Products/Debug-iphonesimulator/ArgusTests.swiftmodule/arm64-apple-ios-simulator.swiftmodule /Users/jandrews/Library/Developer/Xcode/DerivedData/Argus-dciofsjewcrtqnafhqonvosebghg/Build/Intermediates.noindex/Argus.build/Debug-iphonesimulator/ArgusTests.build/Objects-normal/arm64/ArgusTests.swiftmodule (in target 'ArgusTests' from project 'Argus')
    cd /Users/jandrews/devel/swift/Argus-app
    builtin-copy -exclude .DS_Store -exclude CVS -exclude .svn -exclude .git -exclude .hg -resolve-src-symlinks -rename /Users/jandrews/Library/Developer/Xcode/DerivedData/Argus-dciofsjewcrtqnafhqonvosebghg/Build/Intermediates.noindex/Argus.build/Debug-iphonesimulator/ArgusTests.build/Objects-normal/arm64/ArgusTests.swiftmodule /Users/jandrews/Library/Developer/Xcode/DerivedData/Argus-dciofsjewcrtqnafhqonvosebghg/Build/Products/Debug-iphonesimulator/ArgusTests.swiftmodule/arm64-apple-ios-simulator.swiftmodule

Copy /Users/jandrews/Library/Developer/Xcode/DerivedData/Argus-dciofsjewcrtqnafhqonvosebghg/Build/Products/Debug-iphonesimulator/ArgusTests.swiftmodule/Project/arm64-apple-ios-simulator.swiftsourceinfo /Users/jandrews/Library/Developer/Xcode/DerivedData/Argus-dciofsjewcrtqnafhqonvosebghg/Build/Intermediates.noindex/Argus.build/Debug-iphonesimulator/ArgusTests.build/Objects-normal/arm64/ArgusTests.swiftsourceinfo (in target 'ArgusTests' from project 'Argus')
    cd /Users/jandrews/devel/swift/Argus-app
    builtin-copy -exclude .DS_Store -exclude CVS -exclude .svn -exclude .git -exclude .hg -resolve-src-symlinks -rename /Users/jandrews/Library/Developer/Xcode/DerivedData/Argus-dciofsjewcrtqnafhqonvosebghg/Build/Intermediates.noindex/Argus.build/Debug-iphonesimulator/ArgusTests.build/Objects-normal/arm64/ArgusTests.swiftsourceinfo /Users/jandrews/Library/Developer/Xcode/DerivedData/Argus-dciofsjewcrtqnafhqonvosebghg/Build/Products/Debug-iphonesimulator/ArgusTests.swiftmodule/Project/arm64-apple-ios-simulator.swiftsourceinfo

Copy /Users/jandrews/Library/Developer/Xcode/DerivedData/Argus-dciofsjewcrtqnafhqonvosebghg/Build/Products/Debug-iphonesimulator/ArgusTests.swiftmodule/arm64-apple-ios-simulator.swiftdoc /Users/jandrews/Library/Developer/Xcode/DerivedData/Argus-dciofsjewcrtqnafhqonvosebghg/Build/Intermediates.noindex/Argus.build/Debug-iphonesimulator/ArgusTests.build/Objects-normal/arm64/ArgusTests.swiftdoc (in target 'ArgusTests' from project 'Argus')
    cd /Users/jandrews/devel/swift/Argus-app
    builtin-copy -exclude .DS_Store -exclude CVS -exclude .svn -exclude .git -exclude .hg -resolve-src-symlinks -rename /Users/jandrews/Library/Developer/Xcode/DerivedData/Argus-dciofsjewcrtqnafhqonvosebghg/Build/Intermediates.noindex/Argus.build/Debug-iphonesimulator/ArgusTests.build/Objects-normal/arm64/ArgusTests.swiftdoc /Users/jandrews/Library/Developer/Xcode/DerivedData/Argus-dciofsjewcrtqnafhqonvosebghg/Build/Products/Debug-iphonesimulator/ArgusTests.swiftmodule/arm64-apple-ios-simulator.swiftdoc

SwiftDriverJobDiscovery normal arm64 Compiling ArgusTests.swift (in target 'ArgusTests' from project 'Argus')

SwiftDriver\ Compilation ArgusTests normal arm64 com.apple.xcode.tools.swift.compiler (in target 'ArgusTests' from project 'Argus')
    cd /Users/jandrews/devel/swift/Argus-app
    builtin-Swift-Compilation -- /Applications/Xcode.app/Contents/Developer/Toolchains/XcodeDefault.xctoolchain/usr/bin/swiftc -module-name ArgusTests -Onone -enforce-exclusivity\=checked @/Users/jandrews/Library/Developer/Xcode/DerivedData/Argus-dciofsjewcrtqnafhqonvosebghg/Build/Intermediates.noindex/Argus.build/Debug-iphonesimulator/ArgusTests.build/Objects-normal/arm64/ArgusTests.SwiftFileList -DDEBUG -plugin-path /Applications/Xcode.app/Contents/Developer/Toolchains/XcodeDefault.xctoolchain/usr/lib/swift/host/plugins/testing -enable-bare-slash-regex -enable-experimental-feature DebugDescriptionMacro -sdk /Applications/Xcode.app/Contents/Developer/Platforms/iPhoneSimulator.platform/Developer/SDKs/iPhoneSimulator26.0.sdk -target arm64-apple-ios18.2-simulator -g -module-cache-path /Users/jandrews/Library/Developer/Xcode/DerivedData/ModuleCache.noindex -Xfrontend -serialize-debugging-options -profile-coverage-mapping -profile-generate -enable-testing -index-store-path /Users/jandrews/Library/Developer/Xcode/DerivedData/Argus-dciofsjewcrtqnafhqonvosebghg/Index.noindex/DataStore -Xcc -D_LIBCPP_HARDENING_MODE\=_LIBCPP_HARDENING_MODE_DEBUG -swift-version 5 -I /Users/jandrews/Library/Developer/Xcode/DerivedData/Argus-dciofsjewcrtqnafhqonvosebghg/Build/Products/Debug-iphonesimulator -Isystem /Applications/Xcode.app/Contents/Developer/Platforms/iPhoneSimulator.platform/Developer/usr/lib -F /Users/jandrews/Library/Developer/Xcode/DerivedData/Argus-dciofsjewcrtqnafhqonvosebghg/Build/Products/Debug-iphonesimulator/PackageFrameworks -F /Users/jandrews/Library/Developer/Xcode/DerivedData/Argus-dciofsjewcrtqnafhqonvosebghg/Build/Products/Debug-iphonesimulator -F /Applications/Xcode.app/Contents/Developer/Platforms/iPhoneSimulator.platform/Developer/Library/Frameworks -F /Applications/Xcode.app/Contents/Developer/Platforms/iPhoneSimulator.platform/Developer/SDKs/iPhoneSimulator26.0.sdk/Developer/Library/Frameworks -parse-as-library -c -j16 -enable-batch-mode -incremental -Xcc -ivfsstatcache -Xcc /Users/jandrews/Library/Developer/Xcode/DerivedData/SDKStatCaches.noindex/iphonesimulator26.0-23A339-26257891a6c027eb51374368541b8346.sdkstatcache -output-file-map /Users/jandrews/Library/Developer/Xcode/DerivedData/Argus-dciofsjewcrtqnafhqonvosebghg/Build/Intermediates.noindex/Argus.build/Debug-iphonesimulator/ArgusTests.build/Objects-normal/arm64/ArgusTests-OutputFileMap.json -use-frontend-parseable-output -save-temps -no-color-diagnostics -explicit-module-build -module-cache-path /Users/jandrews/Library/Developer/Xcode/DerivedData/Argus-dciofsjewcrtqnafhqonvosebghg/Build/Intermediates.noindex/SwiftExplicitPrecompiledModules -clang-scanner-module-cache-path /Users/jandrews/Library/Developer/Xcode/DerivedData/ModuleCache.noindex -sdk-module-cache-path /Users/jandrews/Library/Developer/Xcode/DerivedData/ModuleCache.noindex -serialize-diagnostics -emit-dependencies -emit-module -emit-module-path /Users/jandrews/Library/Developer/Xcode/DerivedData/Argus-dciofsjewcrtqnafhqonvosebghg/Build/Intermediates.noindex/Argus.build/Debug-iphonesimulator/ArgusTests.build/Objects-normal/arm64/ArgusTests.swiftmodule -validate-clang-modules-once -clang-build-session-file /Users/jandrews/Library/Developer/Xcode/DerivedData/ModuleCache.noindex/Session.modulevalidation -Xcc -I/Users/jandrews/Library/Developer/Xcode/DerivedData/Argus-dciofsjewcrtqnafhqonvosebghg/Build/Intermediates.noindex/Argus.build/Debug-iphonesimulator/ArgusTests.build/swift-overrides.hmap -emit-const-values -Xfrontend -const-gather-protocols-file -Xfrontend /Users/jandrews/Library/Developer/Xcode/DerivedData/Argus-dciofsjewcrtqnafhqonvosebghg/Build/Intermediates.noindex/Argus.build/Debug-iphonesimulator/ArgusTests.build/Objects-normal/arm64/ArgusTests_const_extract_protocols.json -Xcc -iquote -Xcc /Users/jandrews/Library/Developer/Xcode/DerivedData/Argus-dciofsjewcrtqnafhqonvosebghg/Build/Intermediates.noindex/Argus.build/Debug-iphonesimulator/ArgusTests.build/ArgusTests-generated-files.hmap -Xcc -I/Users/jandrews/Library/Developer/Xcode/DerivedData/Argus-dciofsjewcrtqnafhqonvosebghg/Build/Intermediates.noindex/Argus.build/Debug-iphonesimulator/ArgusTests.build/ArgusTests-own-target-headers.hmap -Xcc -I/Users/jandrews/Library/Developer/Xcode/DerivedData/Argus-dciofsjewcrtqnafhqonvosebghg/Build/Intermediates.noindex/Argus.build/Debug-iphonesimulator/ArgusTests.build/ArgusTests-all-non-framework-target-headers.hmap -Xcc -ivfsoverlay -Xcc /Users/jandrews/Library/Developer/Xcode/DerivedData/Argus-dciofsjewcrtqnafhqonvosebghg/Build/Intermediates.noindex/Argus.build/Debug-iphonesimulator/Argus-d16f32cc8be5b21acd5f474e97425566-VFS-iphonesimulator/all-product-headers.yaml -Xcc -iquote -Xcc /Users/jandrews/Library/Developer/Xcode/DerivedData/Argus-dciofsjewcrtqnafhqonvosebghg/Build/Intermediates.noindex/Argus.build/Debug-iphonesimulator/ArgusTests.build/ArgusTests-project-headers.hmap -Xcc -I/Users/jandrews/Library/Developer/Xcode/DerivedData/Argus-dciofsjewcrtqnafhqonvosebghg/Build/Products/Debug-iphonesimulator/include -Xcc -I/Users/jandrews/Library/Developer/Xcode/DerivedData/Argus-dciofsjewcrtqnafhqonvosebghg/Build/Intermediates.noindex/Argus.build/Debug-iphonesimulator/ArgusTests.build/DerivedSources-normal/arm64 -Xcc -I/Users/jandrews/Library/Developer/Xcode/DerivedData/Argus-dciofsjewcrtqnafhqonvosebghg/Build/Intermediates.noindex/Argus.build/Debug-iphonesimulator/ArgusTests.build/DerivedSources/arm64 -Xcc -I/Users/jandrews/Library/Developer/Xcode/DerivedData/Argus-dciofsjewcrtqnafhqonvosebghg/Build/Intermediates.noindex/Argus.build/Debug-iphonesimulator/ArgusTests.build/DerivedSources -Xcc -DDEBUG\=1 -emit-objc-header -emit-objc-header-path /Users/jandrews/Library/Developer/Xcode/DerivedData/Argus-dciofsjewcrtqnafhqonvosebghg/Build/Intermediates.noindex/Argus.build/Debug-iphonesimulator/ArgusTests.build/Objects-normal/arm64/ArgusTests-Swift.h -working-directory /Users/jandrews/devel/swift/Argus-app -experimental-emit-module-separately -disable-cmo

ConstructStubExecutorLinkFileList /Users/jandrews/Library/Developer/Xcode/DerivedData/Argus-dciofsjewcrtqnafhqonvosebghg/Build/Intermediates.noindex/Argus.build/Debug-iphonesimulator/Argus.build/Argus-ExecutorLinkFileList-normal-arm64.txt (in target 'Argus' from project 'Argus')
    cd /Users/jandrews/devel/swift/Argus-app
    construct-stub-executor-link-file-list /Users/jandrews/Library/Developer/Xcode/DerivedData/Argus-dciofsjewcrtqnafhqonvosebghg/Build/Products/Debug-iphonesimulator/Argus.app/Argus.debug.dylib /Applications/Xcode.app/Contents/Developer/Platforms/iPhoneSimulator.platform/Developer/usr/lib/libPreviewsJITStubExecutor_no_swift_entry_point.a /Applications/Xcode.app/Contents/Developer/Platforms/iPhoneSimulator.platform/Developer/usr/lib/libPreviewsJITStubExecutor.a --output /Users/jandrews/Library/Developer/Xcode/DerivedData/Argus-dciofsjewcrtqnafhqonvosebghg/Build/Intermediates.noindex/Argus.build/Debug-iphonesimulator/Argus.build/Argus-ExecutorLinkFileList-normal-arm64.txt
note: Using stub executor library with Swift entry point. (in target 'Argus' from project 'Argus')

Ld /Users/jandrews/Library/Developer/Xcode/DerivedData/Argus-dciofsjewcrtqnafhqonvosebghg/Build/Products/Debug-iphonesimulator/Argus.app/Argus normal (in target 'Argus' from project 'Argus')
    cd /Users/jandrews/devel/swift/Argus-app
    /Applications/Xcode.app/Contents/Developer/Toolchains/XcodeDefault.xctoolchain/usr/bin/clang -Xlinker -reproducible -target arm64-apple-ios18.2-simulator -isysroot /Applications/Xcode.app/Contents/Developer/Platforms/iPhoneSimulator.platform/Developer/SDKs/iPhoneSimulator26.0.sdk -O0 -L/Users/jandrews/Library/Developer/Xcode/DerivedData/Argus-dciofsjewcrtqnafhqonvosebghg/Build/Products/Debug-iphonesimulator -F/Users/jandrews/Library/Developer/Xcode/DerivedData/Argus-dciofsjewcrtqnafhqonvosebghg/Build/Products/Debug-iphonesimulator/PackageFrameworks -F/Users/jandrews/Library/Developer/Xcode/DerivedData/Argus-dciofsjewcrtqnafhqonvosebghg/Build/Products/Debug-iphonesimulator -Xlinker -rpath -Xlinker @executable_path -Xlinker -rpath -Xlinker /Users/jandrews/Library/Developer/Xcode/DerivedData/Argus-dciofsjewcrtqnafhqonvosebghg/Build/Products/Debug-iphonesimulator/PackageFrameworks -Xlinker -rpath -Xlinker @executable_path/Frameworks -rdynamic -Xlinker -no_deduplicate -Xlinker -objc_abi_version -Xlinker 2 -Xlinker -debug_variant -e ___debug_blank_executor_main -Xlinker -sectcreate -Xlinker __TEXT -Xlinker __debug_dylib -Xlinker /Users/jandrews/Library/Developer/Xcode/DerivedData/Argus-dciofsjewcrtqnafhqonvosebghg/Build/Intermediates.noindex/Argus.build/Debug-iphonesimulator/Argus.build/Argus-DebugDylibPath-normal-arm64.txt -Xlinker -sectcreate -Xlinker __TEXT -Xlinker __debug_instlnm -Xlinker /Users/jandrews/Library/Developer/Xcode/DerivedData/Argus-dciofsjewcrtqnafhqonvosebghg/Build/Intermediates.noindex/Argus.build/Debug-iphonesimulator/Argus.build/Argus-DebugDylibInstallName-normal-arm64.txt -Xlinker -filelist -Xlinker /Users/jandrews/Library/Developer/Xcode/DerivedData/Argus-dciofsjewcrtqnafhqonvosebghg/Build/Intermediates.noindex/Argus.build/Debug-iphonesimulator/Argus.build/Argus-ExecutorLinkFileList-normal-arm64.txt -Xlinker -sectcreate -Xlinker __TEXT -Xlinker __entitlements -Xlinker /Users/jandrews/Library/Developer/Xcode/DerivedData/Argus-dciofsjewcrtqnafhqonvosebghg/Build/Intermediates.noindex/Argus.build/Debug-iphonesimulator/Argus.build/Argus.app-Simulated.xcent -Xlinker -sectcreate -Xlinker __TEXT -Xlinker __ents_der -Xlinker /Users/jandrews/Library/Developer/Xcode/DerivedData/Argus-dciofsjewcrtqnafhqonvosebghg/Build/Intermediates.noindex/Argus.build/Debug-iphonesimulator/Argus.build/Argus.app-Simulated.xcent.der /Users/jandrews/Library/Developer/Xcode/DerivedData/Argus-dciofsjewcrtqnafhqonvosebghg/Build/Products/Debug-iphonesimulator/Argus.app/Argus.debug.dylib -Xlinker -no_adhoc_codesign -o /Users/jandrews/Library/Developer/Xcode/DerivedData/Argus-dciofsjewcrtqnafhqonvosebghg/Build/Products/Debug-iphonesimulator/Argus.app/Argus

CopySwiftLibs /Users/jandrews/Library/Developer/Xcode/DerivedData/Argus-dciofsjewcrtqnafhqonvosebghg/Build/Products/Debug-iphonesimulator/Argus.app (in target 'Argus' from project 'Argus')
    cd /Users/jandrews/devel/swift/Argus-app
    builtin-swiftStdLibTool --copy --verbose --sign - --scan-executable /Users/jandrews/Library/Developer/Xcode/DerivedData/Argus-dciofsjewcrtqnafhqonvosebghg/Build/Products/Debug-iphonesimulator/Argus.app/Argus.debug.dylib --scan-folder /Users/jandrews/Library/Developer/Xcode/DerivedData/Argus-dciofsjewcrtqnafhqonvosebghg/Build/Products/Debug-iphonesimulator/Argus.app/Frameworks --scan-folder /Users/jandrews/Library/Developer/Xcode/DerivedData/Argus-dciofsjewcrtqnafhqonvosebghg/Build/Products/Debug-iphonesimulator/Argus.app/PlugIns --scan-folder /Users/jandrews/Library/Developer/Xcode/DerivedData/Argus-dciofsjewcrtqnafhqonvosebghg/Build/Products/Debug-iphonesimulator/Argus.app/SystemExtensions --scan-folder /Users/jandrews/Library/Developer/Xcode/DerivedData/Argus-dciofsjewcrtqnafhqonvosebghg/Build/Products/Debug-iphonesimulator/Argus.app/Extensions --platform iphonesimulator --toolchain /Applications/Xcode.app/Contents/Developer/Toolchains/XcodeDefault.xctoolchain --destination /Users/jandrews/Library/Developer/Xcode/DerivedData/Argus-dciofsjewcrtqnafhqonvosebghg/Build/Products/Debug-iphonesimulator/Argus.app/Frameworks --strip-bitcode --strip-bitcode-tool /Applications/Xcode.app/Contents/Developer/Toolchains/XcodeDefault.xctoolchain/usr/bin/bitcode_strip --emit-dependency-info /Users/jandrews/Library/Developer/Xcode/DerivedData/Argus-dciofsjewcrtqnafhqonvosebghg/Build/Intermediates.noindex/Argus.build/Debug-iphonesimulator/Argus.build/SwiftStdLibToolInputDependencies.dep --filter-for-swift-os --back-deploy-swift-span

ExtractAppIntentsMetadata (in target 'Argus' from project 'Argus')
    cd /Users/jandrews/devel/swift/Argus-app
    /Applications/Xcode.app/Contents/Developer/Toolchains/XcodeDefault.xctoolchain/usr/bin/appintentsmetadataprocessor --toolchain-dir /Applications/Xcode.app/Contents/Developer/Toolchains/XcodeDefault.xctoolchain --module-name Argus --sdk-root /Applications/Xcode.app/Contents/Developer/Platforms/iPhoneSimulator.platform/Developer/SDKs/iPhoneSimulator26.0.sdk --xcode-version 17A400 --platform-family iOS --deployment-target 18.2 --bundle-identifier com.andrews.Argus.Argus --output /Users/jandrews/Library/Developer/Xcode/DerivedData/Argus-dciofsjewcrtqnafhqonvosebghg/Build/Products/Debug-iphonesimulator/Argus.app --target-triple arm64-apple-ios18.2-simulator --binary-file /Users/jandrews/Library/Developer/Xcode/DerivedData/Argus-dciofsjewcrtqnafhqonvosebghg/Build/Products/Debug-iphonesimulator/Argus.app/Argus --dependency-file /Users/jandrews/Library/Developer/Xcode/DerivedData/Argus-dciofsjewcrtqnafhqonvosebghg/Build/Intermediates.noindex/Argus.build/Debug-iphonesimulator/Argus.build/Objects-normal/arm64/Argus_dependency_info.dat --stringsdata-file /Users/jandrews/Library/Developer/Xcode/DerivedData/Argus-dciofsjewcrtqnafhqonvosebghg/Build/Intermediates.noindex/Argus.build/Debug-iphonesimulator/Argus.build/Objects-normal/arm64/ExtractedAppShortcutsMetadata.stringsdata --source-file-list /Users/jandrews/Library/Developer/Xcode/DerivedData/Argus-dciofsjewcrtqnafhqonvosebghg/Build/Intermediates.noindex/Argus.build/Debug-iphonesimulator/Argus.build/Objects-normal/arm64/Argus.SwiftFileList --metadata-file-list /Users/jandrews/Library/Developer/Xcode/DerivedData/Argus-dciofsjewcrtqnafhqonvosebghg/Build/Intermediates.noindex/Argus.build/Debug-iphonesimulator/Argus.build/Argus.DependencyMetadataFileList --static-metadata-file-list /Users/jandrews/Library/Developer/Xcode/DerivedData/Argus-dciofsjewcrtqnafhqonvosebghg/Build/Intermediates.noindex/Argus.build/Debug-iphonesimulator/Argus.build/Argus.DependencyStaticMetadataFileList --swift-const-vals-list /Users/jandrews/Library/Developer/Xcode/DerivedData/Argus-dciofsjewcrtqnafhqonvosebghg/Build/Intermediates.noindex/Argus.build/Debug-iphonesimulator/Argus.build/Objects-normal/arm64/Argus.SwiftConstValuesFileList --compile-time-extraction --deployment-aware-processing --validate-assistant-intents --no-app-shortcuts-localization
2025-10-07 18:23:41.520 appintentsmetadataprocessor[88758:141566053] Starting appintentsmetadataprocessor export
2025-10-07 18:23:41.521 appintentsmetadataprocessor[88758:141566053] warning: Metadata extraction skipped. No AppIntents.framework dependency found.

ProcessInfoPlistFile /Users/jandrews/Library/Developer/Xcode/DerivedData/Argus-dciofsjewcrtqnafhqonvosebghg/Build/Products/Debug-iphonesimulator/Argus.app/PlugIns/ArgusTests.xctest/Info.plist /Users/jandrews/Library/Developer/Xcode/DerivedData/Argus-dciofsjewcrtqnafhqonvosebghg/Build/Intermediates.noindex/Argus.build/Debug-iphonesimulator/ArgusTests.build/empty-ArgusTests.plist (in target 'ArgusTests' from project 'Argus')
    cd /Users/jandrews/devel/swift/Argus-app
    builtin-infoPlistUtility /Users/jandrews/Library/Developer/Xcode/DerivedData/Argus-dciofsjewcrtqnafhqonvosebghg/Build/Intermediates.noindex/Argus.build/Debug-iphonesimulator/ArgusTests.build/empty-ArgusTests.plist -producttype com.apple.product-type.bundle.unit-test -expandbuildsettings -format binary -platform iphonesimulator -o /Users/jandrews/Library/Developer/Xcode/DerivedData/Argus-dciofsjewcrtqnafhqonvosebghg/Build/Products/Debug-iphonesimulator/Argus.app/PlugIns/ArgusTests.xctest/Info.plist

Ld /Users/jandrews/Library/Developer/Xcode/DerivedData/Argus-dciofsjewcrtqnafhqonvosebghg/Build/Products/Debug-iphonesimulator/Argus.app/PlugIns/ArgusTests.xctest/ArgusTests normal (in target 'ArgusTests' from project 'Argus')
    cd /Users/jandrews/devel/swift/Argus-app
    /Applications/Xcode.app/Contents/Developer/Toolchains/XcodeDefault.xctoolchain/usr/bin/clang -Xlinker -reproducible -target arm64-apple-ios18.2-simulator -bundle -isysroot /Applications/Xcode.app/Contents/Developer/Platforms/iPhoneSimulator.platform/Developer/SDKs/iPhoneSimulator26.0.sdk -O0 -L/Users/jandrews/Library/Developer/Xcode/DerivedData/Argus-dciofsjewcrtqnafhqonvosebghg/Build/Intermediates.noindex/EagerLinkingTBDs/Debug-iphonesimulator -L/Users/jandrews/Library/Developer/Xcode/DerivedData/Argus-dciofsjewcrtqnafhqonvosebghg/Build/Products/Debug-iphonesimulator -L/Applications/Xcode.app/Contents/Developer/Platforms/iPhoneSimulator.platform/Developer/usr/lib -F/Users/jandrews/Library/Developer/Xcode/DerivedData/Argus-dciofsjewcrtqnafhqonvosebghg/Build/Intermediates.noindex/EagerLinkingTBDs/Debug-iphonesimulator -F/Users/jandrews/Library/Developer/Xcode/DerivedData/Argus-dciofsjewcrtqnafhqonvosebghg/Build/Products/Debug-iphonesimulator/PackageFrameworks -F/Users/jandrews/Library/Developer/Xcode/DerivedData/Argus-dciofsjewcrtqnafhqonvosebghg/Build/Products/Debug-iphonesimulator -iframework /Applications/Xcode.app/Contents/Developer/Platforms/iPhoneSimulator.platform/Developer/Library/Frameworks -iframework /Applications/Xcode.app/Contents/Developer/Platforms/iPhoneSimulator.platform/Developer/SDKs/iPhoneSimulator26.0.sdk/Developer/Library/Frameworks -filelist /Users/jandrews/Library/Developer/Xcode/DerivedData/Argus-dciofsjewcrtqnafhqonvosebghg/Build/Intermediates.noindex/Argus.build/Debug-iphonesimulator/ArgusTests.build/Objects-normal/arm64/ArgusTests.LinkFileList -Xlinker -rpath -Xlinker /usr/lib/swift -Xlinker -rpath -Xlinker /Users/jandrews/Library/Developer/Xcode/DerivedData/Argus-dciofsjewcrtqnafhqonvosebghg/Build/Products/Debug-iphonesimulator/PackageFrameworks -Xlinker -rpath -Xlinker @loader_path/Frameworks -Xlinker -rpath -Xlinker @executable_path/Frameworks -dead_strip -bundle_loader /Users/jandrews/Library/Developer/Xcode/DerivedData/Argus-dciofsjewcrtqnafhqonvosebghg/Build/Products/Debug-iphonesimulator/Argus.app/Argus -Xlinker -object_path_lto -Xlinker /Users/jandrews/Library/Developer/Xcode/DerivedData/Argus-dciofsjewcrtqnafhqonvosebghg/Build/Intermediates.noindex/Argus.build/Debug-iphonesimulator/ArgusTests.build/Objects-normal/arm64/ArgusTests_lto.o -rdynamic -Xlinker -no_deduplicate -Xlinker -objc_abi_version -Xlinker 2 -Xlinker -debug_variant -Xlinker -dependency_info -Xlinker /Users/jandrews/Library/Developer/Xcode/DerivedData/Argus-dciofsjewcrtqnafhqonvosebghg/Build/Intermediates.noindex/Argus.build/Debug-iphonesimulator/ArgusTests.build/Objects-normal/arm64/ArgusTests_dependency_info.dat -fobjc-link-runtime -fprofile-instr-generate -L/Applications/Xcode.app/Contents/Developer/Toolchains/XcodeDefault.xctoolchain/usr/lib/swift/iphonesimulator -L/usr/lib/swift -Xlinker -add_ast_path -Xlinker /Users/jandrews/Library/Developer/Xcode/DerivedData/Argus-dciofsjewcrtqnafhqonvosebghg/Build/Intermediates.noindex/Argus.build/Debug-iphonesimulator/ArgusTests.build/Objects-normal/arm64/ArgusTests.swiftmodule @/Users/jandrews/Library/Developer/Xcode/DerivedData/Argus-dciofsjewcrtqnafhqonvosebghg/Build/Intermediates.noindex/Argus.build/Debug-iphonesimulator/ArgusTests.build/Objects-normal/arm64/ArgusTests-linker-args.resp -Wl,-no_warn_duplicate_libraries -Xlinker -needed_framework -Xlinker XCTest -framework XCTest -Xlinker -needed-lXCTestSwiftSupport -lXCTestSwiftSupport /Users/jandrews/Library/Developer/Xcode/DerivedData/Argus-dciofsjewcrtqnafhqonvosebghg/Build/Products/Debug-iphonesimulator/Argus.app/Argus.debug.dylib -Xlinker -no_adhoc_codesign -o /Users/jandrews/Library/Developer/Xcode/DerivedData/Argus-dciofsjewcrtqnafhqonvosebghg/Build/Products/Debug-iphonesimulator/Argus.app/PlugIns/ArgusTests.xctest/ArgusTests

SwiftDriverJobDiscovery normal arm64 Compiling ArgusUITests.swift (in target 'ArgusUITests' from project 'Argus')

CopySwiftLibs /Users/jandrews/Library/Developer/Xcode/DerivedData/Argus-dciofsjewcrtqnafhqonvosebghg/Build/Products/Debug-iphonesimulator/Argus.app/PlugIns/ArgusTests.xctest (in target 'ArgusTests' from project 'Argus')
    cd /Users/jandrews/devel/swift/Argus-app
    builtin-swiftStdLibTool --copy --verbose --sign - --scan-executable /Users/jandrews/Library/Developer/Xcode/DerivedData/Argus-dciofsjewcrtqnafhqonvosebghg/Build/Products/Debug-iphonesimulator/Argus.app/PlugIns/ArgusTests.xctest/ArgusTests --scan-folder /Users/jandrews/Library/Developer/Xcode/DerivedData/Argus-dciofsjewcrtqnafhqonvosebghg/Build/Products/Debug-iphonesimulator/Argus.app/PlugIns/ArgusTests.xctest/Frameworks --scan-folder /Users/jandrews/Library/Developer/Xcode/DerivedData/Argus-dciofsjewcrtqnafhqonvosebghg/Build/Products/Debug-iphonesimulator/Argus.app/PlugIns/ArgusTests.xctest/PlugIns --scan-folder /Users/jandrews/Library/Developer/Xcode/DerivedData/Argus-dciofsjewcrtqnafhqonvosebghg/Build/Products/Debug-iphonesimulator/Argus.app/PlugIns/ArgusTests.xctest/SystemExtensions --scan-folder /Users/jandrews/Library/Developer/Xcode/DerivedData/Argus-dciofsjewcrtqnafhqonvosebghg/Build/Products/Debug-iphonesimulator/Argus.app/PlugIns/ArgusTests.xctest/Extensions --platform iphonesimulator --toolchain /Applications/Xcode.app/Contents/Developer/Toolchains/XcodeDefault.xctoolchain --destination /Users/jandrews/Library/Developer/Xcode/DerivedData/Argus-dciofsjewcrtqnafhqonvosebghg/Build/Products/Debug-iphonesimulator/Argus.app/PlugIns/ArgusTests.xctest/Frameworks --strip-bitcode --scan-executable /Applications/Xcode.app/Contents/Developer/Platforms/iPhoneSimulator.platform/Developer/usr/lib/libXCTestSwiftSupport.dylib --strip-bitcode-tool /Applications/Xcode.app/Contents/Developer/Toolchains/XcodeDefault.xctoolchain/usr/bin/bitcode_strip --emit-dependency-info /Users/jandrews/Library/Developer/Xcode/DerivedData/Argus-dciofsjewcrtqnafhqonvosebghg/Build/Intermediates.noindex/Argus.build/Debug-iphonesimulator/ArgusTests.build/SwiftStdLibToolInputDependencies.dep --filter-for-swift-os --back-deploy-swift-span

ExtractAppIntentsMetadata (in target 'ArgusTests' from project 'Argus')
    cd /Users/jandrews/devel/swift/Argus-app
    /Applications/Xcode.app/Contents/Developer/Toolchains/XcodeDefault.xctoolchain/usr/bin/appintentsmetadataprocessor --toolchain-dir /Applications/Xcode.app/Contents/Developer/Toolchains/XcodeDefault.xctoolchain --module-name ArgusTests --sdk-root /Applications/Xcode.app/Contents/Developer/Platforms/iPhoneSimulator.platform/Developer/SDKs/iPhoneSimulator26.0.sdk --xcode-version 17A400 --platform-family iOS --deployment-target 18.2 --bundle-identifier com.andrews.Argus.ArgusTests --output /Users/jandrews/Library/Developer/Xcode/DerivedData/Argus-dciofsjewcrtqnafhqonvosebghg/Build/Products/Debug-iphonesimulator/Argus.app/PlugIns/ArgusTests.xctest --target-triple arm64-apple-ios18.2-simulator --binary-file /Users/jandrews/Library/Developer/Xcode/DerivedData/Argus-dciofsjewcrtqnafhqonvosebghg/Build/Products/Debug-iphonesimulator/Argus.app/PlugIns/ArgusTests.xctest/ArgusTests --dependency-file /Users/jandrews/Library/Developer/Xcode/DerivedData/Argus-dciofsjewcrtqnafhqonvosebghg/Build/Intermediates.noindex/Argus.build/Debug-iphonesimulator/ArgusTests.build/Objects-normal/arm64/ArgusTests_dependency_info.dat --stringsdata-file /Users/jandrews/Library/Developer/Xcode/DerivedData/Argus-dciofsjewcrtqnafhqonvosebghg/Build/Intermediates.noindex/Argus.build/Debug-iphonesimulator/ArgusTests.build/Objects-normal/arm64/ExtractedAppShortcutsMetadata.stringsdata --source-file-list /Users/jandrews/Library/Developer/Xcode/DerivedData/Argus-dciofsjewcrtqnafhqonvosebghg/Build/Intermediates.noindex/Argus.build/Debug-iphonesimulator/ArgusTests.build/Objects-normal/arm64/ArgusTests.SwiftFileList --metadata-file-list /Users/jandrews/Library/Developer/Xcode/DerivedData/Argus-dciofsjewcrtqnafhqonvosebghg/Build/Intermediates.noindex/Argus.build/Debug-iphonesimulator/ArgusTests.build/ArgusTests.DependencyMetadataFileList --static-metadata-file-list /Users/jandrews/Library/Developer/Xcode/DerivedData/Argus-dciofsjewcrtqnafhqonvosebghg/Build/Intermediates.noindex/Argus.build/Debug-iphonesimulator/ArgusTests.build/ArgusTests.DependencyStaticMetadataFileList --swift-const-vals-list /Users/jandrews/Library/Developer/Xcode/DerivedData/Argus-dciofsjewcrtqnafhqonvosebghg/Build/Intermediates.noindex/Argus.build/Debug-iphonesimulator/ArgusTests.build/Objects-normal/arm64/ArgusTests.SwiftConstValuesFileList --compile-time-extraction --deployment-aware-processing --validate-assistant-intents --no-app-shortcuts-localization
2025-10-07 18:23:41.624 appintentsmetadataprocessor[88761:141566078] Starting appintentsmetadataprocessor export
2025-10-07 18:23:41.626 appintentsmetadataprocessor[88761:141566078] warning: Metadata extraction skipped. No AppIntents.framework dependency found.

AppIntentsSSUTraining (in target 'ArgusTests' from project 'Argus')
    cd /Users/jandrews/devel/swift/Argus-app
    /Applications/Xcode.app/Contents/Developer/Toolchains/XcodeDefault.xctoolchain/usr/bin/appintentsnltrainingprocessor --infoplist-path /Users/jandrews/Library/Developer/Xcode/DerivedData/Argus-dciofsjewcrtqnafhqonvosebghg/Build/Products/Debug-iphonesimulator/Argus.app/PlugIns/ArgusTests.xctest/Info.plist --temp-dir-path /Users/jandrews/Library/Developer/Xcode/DerivedData/Argus-dciofsjewcrtqnafhqonvosebghg/Build/Intermediates.noindex/Argus.build/Debug-iphonesimulator/ArgusTests.build/ssu --bundle-id com.andrews.Argus.ArgusTests --product-path /Users/jandrews/Library/Developer/Xcode/DerivedData/Argus-dciofsjewcrtqnafhqonvosebghg/Build/Products/Debug-iphonesimulator/Argus.app/PlugIns/ArgusTests.xctest --extracted-metadata-path /Users/jandrews/Library/Developer/Xcode/DerivedData/Argus-dciofsjewcrtqnafhqonvosebghg/Build/Products/Debug-iphonesimulator/Argus.app/PlugIns/ArgusTests.xctest/Metadata.appintents --metadata-file-list /Users/jandrews/Library/Developer/Xcode/DerivedData/Argus-dciofsjewcrtqnafhqonvosebghg/Build/Intermediates.noindex/Argus.build/Debug-iphonesimulator/ArgusTests.build/ArgusTests.DependencyMetadataFileList --archive-ssu-assets
2025-10-07 18:23:41.639 appintentsnltrainingprocessor[88762:141566082] Parsing options for appintentsnltrainingprocessor
2025-10-07 18:23:41.639 appintentsnltrainingprocessor[88762:141566082] No AppShortcuts found - Skipping.

SwiftDriverJobDiscovery normal arm64 Compiling NewsDetailViewTests.swift (in target 'ArgusUITests' from project 'Argus')

SwiftDriverJobDiscovery normal arm64 Compiling PerformanceTestSuite.swift (in target 'ArgusUITests' from project 'Argus')

CodeSign /Users/jandrews/Library/Developer/Xcode/DerivedData/Argus-dciofsjewcrtqnafhqonvosebghg/Build/Products/Debug-iphonesimulator/Argus.app/PlugIns/ArgusTests.xctest (in target 'ArgusTests' from project 'Argus')
    cd /Users/jandrews/devel/swift/Argus-app
    
    Signing Identity:     "Sign to Run Locally"
    
    /usr/bin/codesign --force --sign - --timestamp\=none --generate-entitlement-der /Users/jandrews/Library/Developer/Xcode/DerivedData/Argus-dciofsjewcrtqnafhqonvosebghg/Build/Products/Debug-iphonesimulator/Argus.app/PlugIns/ArgusTests.xctest

SwiftDriverJobDiscovery normal arm64 Compiling NewsDetailViewNavigationTests.swift (in target 'ArgusUITests' from project 'Argus')

RegisterExecutionPolicyException /Users/jandrews/Library/Developer/Xcode/DerivedData/Argus-dciofsjewcrtqnafhqonvosebghg/Build/Products/Debug-iphonesimulator/Argus.app/PlugIns/ArgusTests.xctest (in target 'ArgusTests' from project 'Argus')
    cd /Users/jandrews/devel/swift/Argus-app
    builtin-RegisterExecutionPolicyException /Users/jandrews/Library/Developer/Xcode/DerivedData/Argus-dciofsjewcrtqnafhqonvosebghg/Build/Products/Debug-iphonesimulator/Argus.app/PlugIns/ArgusTests.xctest

Touch /Users/jandrews/Library/Developer/Xcode/DerivedData/Argus-dciofsjewcrtqnafhqonvosebghg/Build/Products/Debug-iphonesimulator/Argus.app/PlugIns/ArgusTests.xctest (in target 'ArgusTests' from project 'Argus')
    cd /Users/jandrews/devel/swift/Argus-app
    /usr/bin/touch -c /Users/jandrews/Library/Developer/Xcode/DerivedData/Argus-dciofsjewcrtqnafhqonvosebghg/Build/Products/Debug-iphonesimulator/Argus.app/PlugIns/ArgusTests.xctest

CodeSign /Users/jandrews/Library/Developer/Xcode/DerivedData/Argus-dciofsjewcrtqnafhqonvosebghg/Build/Products/Debug-iphonesimulator/Argus.app/Argus.debug.dylib (in target 'Argus' from project 'Argus')
    cd /Users/jandrews/devel/swift/Argus-app
    
    Signing Identity:     "Sign to Run Locally"
    
    /usr/bin/codesign --force --sign - --timestamp\=none --generate-entitlement-der /Users/jandrews/Library/Developer/Xcode/DerivedData/Argus-dciofsjewcrtqnafhqonvosebghg/Build/Products/Debug-iphonesimulator/Argus.app/Argus.debug.dylib

SwiftDriverJobDiscovery normal arm64 Compiling ArticleContentValidationTests.swift (in target 'ArgusUITests' from project 'Argus')

CodeSign /Users/jandrews/Library/Developer/Xcode/DerivedData/Argus-dciofsjewcrtqnafhqonvosebghg/Build/Products/Debug-iphonesimulator/Argus.app/__preview.dylib (in target 'Argus' from project 'Argus')
    cd /Users/jandrews/devel/swift/Argus-app
    
    Signing Identity:     "Sign to Run Locally"
    
    /usr/bin/codesign --force --sign - --timestamp\=none --generate-entitlement-der /Users/jandrews/Library/Developer/Xcode/DerivedData/Argus-dciofsjewcrtqnafhqonvosebghg/Build/Products/Debug-iphonesimulator/Argus.app/__preview.dylib
/Users/jandrews/Library/Developer/Xcode/DerivedData/Argus-dciofsjewcrtqnafhqonvosebghg/Build/Products/Debug-iphonesimulator/Argus.app/__preview.dylib: replacing existing signature

CodeSign /Users/jandrews/Library/Developer/Xcode/DerivedData/Argus-dciofsjewcrtqnafhqonvosebghg/Build/Products/Debug-iphonesimulator/Argus.app (in target 'Argus' from project 'Argus')
    cd /Users/jandrews/devel/swift/Argus-app
    
    Signing Identity:     "Sign to Run Locally"
    
    /usr/bin/codesign --force --sign - --entitlements /Users/jandrews/Library/Developer/Xcode/DerivedData/Argus-dciofsjewcrtqnafhqonvosebghg/Build/Intermediates.noindex/Argus.build/Debug-iphonesimulator/Argus.build/Argus.app.xcent --timestamp\=none --generate-entitlement-der /Users/jandrews/Library/Developer/Xcode/DerivedData/Argus-dciofsjewcrtqnafhqonvosebghg/Build/Products/Debug-iphonesimulator/Argus.app

SwiftDriverJobDiscovery normal arm64 Compiling ArticleNavigationPerformanceTests.swift (in target 'ArgusUITests' from project 'Argus')

SwiftDriver\ Compilation ArgusUITests normal arm64 com.apple.xcode.tools.swift.compiler (in target 'ArgusUITests' from project 'Argus')
    cd /Users/jandrews/devel/swift/Argus-app
    builtin-Swift-Compilation -- /Applications/Xcode.app/Contents/Developer/Toolchains/XcodeDefault.xctoolchain/usr/bin/swiftc -module-name ArgusUITests -Onone -enforce-exclusivity\=checked @/Users/jandrews/Library/Developer/Xcode/DerivedData/Argus-dciofsjewcrtqnafhqonvosebghg/Build/Intermediates.noindex/Argus.build/Debug-iphonesimulator/ArgusUITests.build/Objects-normal/arm64/ArgusUITests.SwiftFileList -DDEBUG -module-alias Testing\=_Testing_Unavailable -plugin-path /Applications/Xcode.app/Contents/Developer/Toolchains/XcodeDefault.xctoolchain/usr/lib/swift/host/plugins/testing -enable-bare-slash-regex -enable-experimental-feature DebugDescriptionMacro -sdk /Applications/Xcode.app/Contents/Developer/Platforms/iPhoneSimulator.platform/Developer/SDKs/iPhoneSimulator26.0.sdk -target arm64-apple-ios18.2-simulator -g -module-cache-path /Users/jandrews/Library/Developer/Xcode/DerivedData/ModuleCache.noindex -Xfrontend -serialize-debugging-options -profile-coverage-mapping -profile-generate -enable-testing -index-store-path /Users/jandrews/Library/Developer/Xcode/DerivedData/Argus-dciofsjewcrtqnafhqonvosebghg/Index.noindex/DataStore -Xcc -D_LIBCPP_HARDENING_MODE\=_LIBCPP_HARDENING_MODE_DEBUG -swift-version 5 -I /Users/jandrews/Library/Developer/Xcode/DerivedData/Argus-dciofsjewcrtqnafhqonvosebghg/Build/Products/Debug-iphonesimulator -Isystem /Applications/Xcode.app/Contents/Developer/Platforms/iPhoneSimulator.platform/Developer/usr/lib -F /Users/jandrews/Library/Developer/Xcode/DerivedData/Argus-dciofsjewcrtqnafhqonvosebghg/Build/Products/Debug-iphonesimulator -F /Applications/Xcode.app/Contents/Developer/Platforms/iPhoneSimulator.platform/Developer/Library/Frameworks -F /Applications/Xcode.app/Contents/Developer/Platforms/iPhoneSimulator.platform/Developer/SDKs/iPhoneSimulator26.0.sdk/Developer/Library/Frameworks -c -j16 -enable-batch-mode -incremental -Xcc -ivfsstatcache -Xcc /Users/jandrews/Library/Developer/Xcode/DerivedData/SDKStatCaches.noindex/iphonesimulator26.0-23A339-26257891a6c027eb51374368541b8346.sdkstatcache -output-file-map /Users/jandrews/Library/Developer/Xcode/DerivedData/Argus-dciofsjewcrtqnafhqonvosebghg/Build/Intermediates.noindex/Argus.build/Debug-iphonesimulator/ArgusUITests.build/Objects-normal/arm64/ArgusUITests-OutputFileMap.json -use-frontend-parseable-output -save-temps -no-color-diagnostics -explicit-module-build -module-cache-path /Users/jandrews/Library/Developer/Xcode/DerivedData/Argus-dciofsjewcrtqnafhqonvosebghg/Build/Intermediates.noindex/SwiftExplicitPrecompiledModules -clang-scanner-module-cache-path /Users/jandrews/Library/Developer/Xcode/DerivedData/ModuleCache.noindex -sdk-module-cache-path /Users/jandrews/Library/Developer/Xcode/DerivedData/ModuleCache.noindex -serialize-diagnostics -emit-dependencies -emit-module -emit-module-path /Users/jandrews/Library/Developer/Xcode/DerivedData/Argus-dciofsjewcrtqnafhqonvosebghg/Build/Intermediates.noindex/Argus.build/Debug-iphonesimulator/ArgusUITests.build/Objects-normal/arm64/ArgusUITests.swiftmodule -validate-clang-modules-once -clang-build-session-file /Users/jandrews/Library/Developer/Xcode/DerivedData/ModuleCache.noindex/Session.modulevalidation -Xcc -I/Users/jandrews/Library/Developer/Xcode/DerivedData/Argus-dciofsjewcrtqnafhqonvosebghg/Build/Intermediates.noindex/Argus.build/Debug-iphonesimulator/ArgusUITests.build/swift-overrides.hmap -emit-const-values -Xfrontend -const-gather-protocols-file -Xfrontend /Users/jandrews/Library/Developer/Xcode/DerivedData/Argus-dciofsjewcrtqnafhqonvosebghg/Build/Intermediates.noindex/Argus.build/Debug-iphonesimulator/ArgusUITests.build/Objects-normal/arm64/ArgusUITests_const_extract_protocols.json -Xcc -iquote -Xcc /Users/jandrews/Library/Developer/Xcode/DerivedData/Argus-dciofsjewcrtqnafhqonvosebghg/Build/Intermediates.noindex/Argus.build/Debug-iphonesimulator/ArgusUITests.build/ArgusUITests-generated-files.hmap -Xcc -I/Users/jandrews/Library/Developer/Xcode/DerivedData/Argus-dciofsjewcrtqnafhqonvosebghg/Build/Intermediates.noindex/Argus.build/Debug-iphonesimulator/ArgusUITests.build/ArgusUITests-own-target-headers.hmap -Xcc -I/Users/jandrews/Library/Developer/Xcode/DerivedData/Argus-dciofsjewcrtqnafhqonvosebghg/Build/Intermediates.noindex/Argus.build/Debug-iphonesimulator/ArgusUITests.build/ArgusUITests-all-non-framework-target-headers.hmap -Xcc -ivfsoverlay -Xcc /Users/jandrews/Library/Developer/Xcode/DerivedData/Argus-dciofsjewcrtqnafhqonvosebghg/Build/Intermediates.noindex/Argus.build/Debug-iphonesimulator/Argus-d16f32cc8be5b21acd5f474e97425566-VFS-iphonesimulator/all-product-headers.yaml -Xcc -iquote -Xcc /Users/jandrews/Library/Developer/Xcode/DerivedData/Argus-dciofsjewcrtqnafhqonvosebghg/Build/Intermediates.noindex/Argus.build/Debug-iphonesimulator/ArgusUITests.build/ArgusUITests-project-headers.hmap -Xcc -I/Users/jandrews/Library/Developer/Xcode/DerivedData/Argus-dciofsjewcrtqnafhqonvosebghg/Build/Products/Debug-iphonesimulator/include -Xcc -I/Users/jandrews/Library/Developer/Xcode/DerivedData/Argus-dciofsjewcrtqnafhqonvosebghg/Build/Intermediates.noindex/Argus.build/Debug-iphonesimulator/ArgusUITests.build/DerivedSources-normal/arm64 -Xcc -I/Users/jandrews/Library/Developer/Xcode/DerivedData/Argus-dciofsjewcrtqnafhqonvosebghg/Build/Intermediates.noindex/Argus.build/Debug-iphonesimulator/ArgusUITests.build/DerivedSources/arm64 -Xcc -I/Users/jandrews/Library/Developer/Xcode/DerivedData/Argus-dciofsjewcrtqnafhqonvosebghg/Build/Intermediates.noindex/Argus.build/Debug-iphonesimulator/ArgusUITests.build/DerivedSources -Xcc -DDEBUG\=1 -emit-objc-header -emit-objc-header-path /Users/jandrews/Library/Developer/Xcode/DerivedData/Argus-dciofsjewcrtqnafhqonvosebghg/Build/Intermediates.noindex/Argus.build/Debug-iphonesimulator/ArgusUITests.build/Objects-normal/arm64/ArgusUITests-Swift.h -working-directory /Users/jandrews/devel/swift/Argus-app -experimental-emit-module-separately -disable-cmo

Validate /Users/jandrews/Library/Developer/Xcode/DerivedData/Argus-dciofsjewcrtqnafhqonvosebghg/Build/Products/Debug-iphonesimulator/Argus.app (in target 'Argus' from project 'Argus')
    cd /Users/jandrews/devel/swift/Argus-app
    builtin-validationUtility /Users/jandrews/Library/Developer/Xcode/DerivedData/Argus-dciofsjewcrtqnafhqonvosebghg/Build/Products/Debug-iphonesimulator/Argus.app -shallow-bundle -infoplist-subpath Info.plist

ProcessInfoPlistFile /Users/jandrews/Library/Developer/Xcode/DerivedData/Argus-dciofsjewcrtqnafhqonvosebghg/Build/Products/Debug-iphonesimulator/ArgusUITests-Runner.app/PlugIns/ArgusUITests.xctest/Info.plist /Users/jandrews/Library/Developer/Xcode/DerivedData/Argus-dciofsjewcrtqnafhqonvosebghg/Build/Intermediates.noindex/Argus.build/Debug-iphonesimulator/ArgusUITests.build/empty-ArgusUITests.plist (in target 'ArgusUITests' from project 'Argus')
    cd /Users/jandrews/devel/swift/Argus-app
    builtin-infoPlistUtility /Users/jandrews/Library/Developer/Xcode/DerivedData/Argus-dciofsjewcrtqnafhqonvosebghg/Build/Intermediates.noindex/Argus.build/Debug-iphonesimulator/ArgusUITests.build/empty-ArgusUITests.plist -producttype com.apple.product-type.bundle.ui-testing -expandbuildsettings -format binary -platform iphonesimulator -additionalcontentfile /Users/jandrews/Library/Developer/Xcode/DerivedData/Argus-dciofsjewcrtqnafhqonvosebghg/Build/Intermediates.noindex/Argus.build/Debug-iphonesimulator/ArgusUITests.build/ProductTypeInfoPlistAdditions.plist -o /Users/jandrews/Library/Developer/Xcode/DerivedData/Argus-dciofsjewcrtqnafhqonvosebghg/Build/Products/Debug-iphonesimulator/ArgusUITests-Runner.app/PlugIns/ArgusUITests.xctest/Info.plist

Ld /Users/jandrews/Library/Developer/Xcode/DerivedData/Argus-dciofsjewcrtqnafhqonvosebghg/Build/Products/Debug-iphonesimulator/ArgusUITests-Runner.app/PlugIns/ArgusUITests.xctest/ArgusUITests normal (in target 'ArgusUITests' from project 'Argus')
    cd /Users/jandrews/devel/swift/Argus-app
    /Applications/Xcode.app/Contents/Developer/Toolchains/XcodeDefault.xctoolchain/usr/bin/clang -Xlinker -reproducible -target arm64-apple-ios18.2-simulator -bundle -isysroot /Applications/Xcode.app/Contents/Developer/Platforms/iPhoneSimulator.platform/Developer/SDKs/iPhoneSimulator26.0.sdk -O0 -L/Users/jandrews/Library/Developer/Xcode/DerivedData/Argus-dciofsjewcrtqnafhqonvosebghg/Build/Intermediates.noindex/EagerLinkingTBDs/Debug-iphonesimulator -L/Users/jandrews/Library/Developer/Xcode/DerivedData/Argus-dciofsjewcrtqnafhqonvosebghg/Build/Products/Debug-iphonesimulator -L/Applications/Xcode.app/Contents/Developer/Platforms/iPhoneSimulator.platform/Developer/usr/lib -F/Users/jandrews/Library/Developer/Xcode/DerivedData/Argus-dciofsjewcrtqnafhqonvosebghg/Build/Intermediates.noindex/EagerLinkingTBDs/Debug-iphonesimulator -F/Users/jandrews/Library/Developer/Xcode/DerivedData/Argus-dciofsjewcrtqnafhqonvosebghg/Build/Products/Debug-iphonesimulator -iframework /Applications/Xcode.app/Contents/Developer/Platforms/iPhoneSimulator.platform/Developer/Library/Frameworks -iframework /Applications/Xcode.app/Contents/Developer/Platforms/iPhoneSimulator.platform/Developer/SDKs/iPhoneSimulator26.0.sdk/Developer/Library/Frameworks -filelist /Users/jandrews/Library/Developer/Xcode/DerivedData/Argus-dciofsjewcrtqnafhqonvosebghg/Build/Intermediates.noindex/Argus.build/Debug-iphonesimulator/ArgusUITests.build/Objects-normal/arm64/ArgusUITests.LinkFileList -Xlinker -rpath -Xlinker /usr/lib/swift -Xlinker -rpath -Xlinker @loader_path/Frameworks -dead_strip -Xlinker -object_path_lto -Xlinker /Users/jandrews/Library/Developer/Xcode/DerivedData/Argus-dciofsjewcrtqnafhqonvosebghg/Build/Intermediates.noindex/Argus.build/Debug-iphonesimulator/ArgusUITests.build/Objects-normal/arm64/ArgusUITests_lto.o -rdynamic -Xlinker -no_deduplicate -Xlinker -objc_abi_version -Xlinker 2 -Xlinker -debug_variant -Xlinker -dependency_info -Xlinker /Users/jandrews/Library/Developer/Xcode/DerivedData/Argus-dciofsjewcrtqnafhqonvosebghg/Build/Intermediates.noindex/Argus.build/Debug-iphonesimulator/ArgusUITests.build/Objects-normal/arm64/ArgusUITests_dependency_info.dat -fobjc-link-runtime -fprofile-instr-generate -L/Applications/Xcode.app/Contents/Developer/Toolchains/XcodeDefault.xctoolchain/usr/lib/swift/iphonesimulator -L/usr/lib/swift -Xlinker -add_ast_path -Xlinker /Users/jandrews/Library/Developer/Xcode/DerivedData/Argus-dciofsjewcrtqnafhqonvosebghg/Build/Intermediates.noindex/Argus.build/Debug-iphonesimulator/ArgusUITests.build/Objects-normal/arm64/ArgusUITests.swiftmodule @/Users/jandrews/Library/Developer/Xcode/DerivedData/Argus-dciofsjewcrtqnafhqonvosebghg/Build/Intermediates.noindex/Argus.build/Debug-iphonesimulator/ArgusUITests.build/Objects-normal/arm64/ArgusUITests-linker-args.resp -Xlinker -needed_framework -Xlinker XCTest -framework XCTest -Xlinker -needed-lXCTestSwiftSupport -lXCTestSwiftSupport -Xlinker -sectcreate -Xlinker __TEXT -Xlinker __entitlements -Xlinker /Users/jandrews/Library/Developer/Xcode/DerivedData/Argus-dciofsjewcrtqnafhqonvosebghg/Build/Intermediates.noindex/Argus.build/Debug-iphonesimulator/ArgusUITests.build/ArgusUITests.xctest-Simulated.xcent -Xlinker -sectcreate -Xlinker __TEXT -Xlinker __ents_der -Xlinker /Users/jandrews/Library/Developer/Xcode/DerivedData/Argus-dciofsjewcrtqnafhqonvosebghg/Build/Intermediates.noindex/Argus.build/Debug-iphonesimulator/ArgusUITests.build/ArgusUITests.xctest-Simulated.xcent.der -Xlinker -no_adhoc_codesign -o /Users/jandrews/Library/Developer/Xcode/DerivedData/Argus-dciofsjewcrtqnafhqonvosebghg/Build/Products/Debug-iphonesimulator/ArgusUITests-Runner.app/PlugIns/ArgusUITests.xctest/ArgusUITests

CopySwiftLibs /Users/jandrews/Library/Developer/Xcode/DerivedData/Argus-dciofsjewcrtqnafhqonvosebghg/Build/Products/Debug-iphonesimulator/ArgusUITests-Runner.app/PlugIns/ArgusUITests.xctest (in target 'ArgusUITests' from project 'Argus')
    cd /Users/jandrews/devel/swift/Argus-app
    builtin-swiftStdLibTool --copy --verbose --sign - --scan-executable /Users/jandrews/Library/Developer/Xcode/DerivedData/Argus-dciofsjewcrtqnafhqonvosebghg/Build/Products/Debug-iphonesimulator/ArgusUITests-Runner.app/PlugIns/ArgusUITests.xctest/ArgusUITests --scan-folder /Users/jandrews/Library/Developer/Xcode/DerivedData/Argus-dciofsjewcrtqnafhqonvosebghg/Build/Products/Debug-iphonesimulator/ArgusUITests-Runner.app/PlugIns/ArgusUITests.xctest/Frameworks --scan-folder /Users/jandrews/Library/Developer/Xcode/DerivedData/Argus-dciofsjewcrtqnafhqonvosebghg/Build/Products/Debug-iphonesimulator/ArgusUITests-Runner.app/PlugIns/ArgusUITests.xctest/PlugIns --scan-folder /Users/jandrews/Library/Developer/Xcode/DerivedData/Argus-dciofsjewcrtqnafhqonvosebghg/Build/Products/Debug-iphonesimulator/ArgusUITests-Runner.app/PlugIns/ArgusUITests.xctest/SystemExtensions --scan-folder /Users/jandrews/Library/Developer/Xcode/DerivedData/Argus-dciofsjewcrtqnafhqonvosebghg/Build/Products/Debug-iphonesimulator/ArgusUITests-Runner.app/PlugIns/ArgusUITests.xctest/Extensions --platform iphonesimulator --toolchain /Applications/Xcode.app/Contents/Developer/Toolchains/XcodeDefault.xctoolchain --destination /Users/jandrews/Library/Developer/Xcode/DerivedData/Argus-dciofsjewcrtqnafhqonvosebghg/Build/Products/Debug-iphonesimulator/ArgusUITests-Runner.app/PlugIns/ArgusUITests.xctest/Frameworks --strip-bitcode --scan-executable /Applications/Xcode.app/Contents/Developer/Platforms/iPhoneSimulator.platform/Developer/usr/lib/libXCTestSwiftSupport.dylib --strip-bitcode-tool /Applications/Xcode.app/Contents/Developer/Toolchains/XcodeDefault.xctoolchain/usr/bin/bitcode_strip --emit-dependency-info /Users/jandrews/Library/Developer/Xcode/DerivedData/Argus-dciofsjewcrtqnafhqonvosebghg/Build/Intermediates.noindex/Argus.build/Debug-iphonesimulator/ArgusUITests.build/SwiftStdLibToolInputDependencies.dep --filter-for-swift-os --back-deploy-swift-span

ExtractAppIntentsMetadata (in target 'ArgusUITests' from project 'Argus')
    cd /Users/jandrews/devel/swift/Argus-app
    /Applications/Xcode.app/Contents/Developer/Toolchains/XcodeDefault.xctoolchain/usr/bin/appintentsmetadataprocessor --toolchain-dir /Applications/Xcode.app/Contents/Developer/Toolchains/XcodeDefault.xctoolchain --module-name ArgusUITests --sdk-root /Applications/Xcode.app/Contents/Developer/Platforms/iPhoneSimulator.platform/Developer/SDKs/iPhoneSimulator26.0.sdk --xcode-version 17A400 --platform-family iOS --deployment-target 18.2 --bundle-identifier com.andrews.Argus.ArgusUITests --output /Users/jandrews/Library/Developer/Xcode/DerivedData/Argus-dciofsjewcrtqnafhqonvosebghg/Build/Products/Debug-iphonesimulator/ArgusUITests-Runner.app/PlugIns/ArgusUITests.xctest --target-triple arm64-apple-ios18.2-simulator --binary-file /Users/jandrews/Library/Developer/Xcode/DerivedData/Argus-dciofsjewcrtqnafhqonvosebghg/Build/Products/Debug-iphonesimulator/ArgusUITests-Runner.app/PlugIns/ArgusUITests.xctest/ArgusUITests --dependency-file /Users/jandrews/Library/Developer/Xcode/DerivedData/Argus-dciofsjewcrtqnafhqonvosebghg/Build/Intermediates.noindex/Argus.build/Debug-iphonesimulator/ArgusUITests.build/Objects-normal/arm64/ArgusUITests_dependency_info.dat --stringsdata-file /Users/jandrews/Library/Developer/Xcode/DerivedData/Argus-dciofsjewcrtqnafhqonvosebghg/Build/Intermediates.noindex/Argus.build/Debug-iphonesimulator/ArgusUITests.build/Objects-normal/arm64/ExtractedAppShortcutsMetadata.stringsdata --source-file-list /Users/jandrews/Library/Developer/Xcode/DerivedData/Argus-dciofsjewcrtqnafhqonvosebghg/Build/Intermediates.noindex/Argus.build/Debug-iphonesimulator/ArgusUITests.build/Objects-normal/arm64/ArgusUITests.SwiftFileList --metadata-file-list /Users/jandrews/Library/Developer/Xcode/DerivedData/Argus-dciofsjewcrtqnafhqonvosebghg/Build/Intermediates.noindex/Argus.build/Debug-iphonesimulator/ArgusUITests.build/ArgusUITests.DependencyMetadataFileList --static-metadata-file-list /Users/jandrews/Library/Developer/Xcode/DerivedData/Argus-dciofsjewcrtqnafhqonvosebghg/Build/Intermediates.noindex/Argus.build/Debug-iphonesimulator/ArgusUITests.build/ArgusUITests.DependencyStaticMetadataFileList --swift-const-vals-list /Users/jandrews/Library/Developer/Xcode/DerivedData/Argus-dciofsjewcrtqnafhqonvosebghg/Build/Intermediates.noindex/Argus.build/Debug-iphonesimulator/ArgusUITests.build/Objects-normal/arm64/ArgusUITests.SwiftConstValuesFileList --compile-time-extraction --deployment-aware-processing --validate-assistant-intents --no-app-shortcuts-localization
2025-10-07 18:23:42.742 appintentsmetadataprocessor[88791:141566240] Starting appintentsmetadataprocessor export
2025-10-07 18:23:42.743 appintentsmetadataprocessor[88791:141566240] warning: Metadata extraction skipped. No AppIntents.framework dependency found.

AppIntentsSSUTraining (in target 'ArgusUITests' from project 'Argus')
    cd /Users/jandrews/devel/swift/Argus-app
    /Applications/Xcode.app/Contents/Developer/Toolchains/XcodeDefault.xctoolchain/usr/bin/appintentsnltrainingprocessor --infoplist-path /Users/jandrews/Library/Developer/Xcode/DerivedData/Argus-dciofsjewcrtqnafhqonvosebghg/Build/Products/Debug-iphonesimulator/ArgusUITests-Runner.app/PlugIns/ArgusUITests.xctest/Info.plist --temp-dir-path /Users/jandrews/Library/Developer/Xcode/DerivedData/Argus-dciofsjewcrtqnafhqonvosebghg/Build/Intermediates.noindex/Argus.build/Debug-iphonesimulator/ArgusUITests.build/ssu --bundle-id com.andrews.Argus.ArgusUITests --product-path /Users/jandrews/Library/Developer/Xcode/DerivedData/Argus-dciofsjewcrtqnafhqonvosebghg/Build/Products/Debug-iphonesimulator/ArgusUITests-Runner.app/PlugIns/ArgusUITests.xctest --extracted-metadata-path /Users/jandrews/Library/Developer/Xcode/DerivedData/Argus-dciofsjewcrtqnafhqonvosebghg/Build/Products/Debug-iphonesimulator/ArgusUITests-Runner.app/PlugIns/ArgusUITests.xctest/Metadata.appintents --metadata-file-list /Users/jandrews/Library/Developer/Xcode/DerivedData/Argus-dciofsjewcrtqnafhqonvosebghg/Build/Intermediates.noindex/Argus.build/Debug-iphonesimulator/ArgusUITests.build/ArgusUITests.DependencyMetadataFileList --archive-ssu-assets
2025-10-07 18:23:42.755 appintentsnltrainingprocessor[88794:141566243] Parsing options for appintentsnltrainingprocessor
2025-10-07 18:23:42.755 appintentsnltrainingprocessor[88794:141566243] No AppShortcuts found - Skipping.

CopyPlistFile /Users/jandrews/Library/Developer/Xcode/DerivedData/Argus-dciofsjewcrtqnafhqonvosebghg/Build/Products/Debug-iphonesimulator/ArgusUITests-Runner.app/Info.plist /Applications/Xcode.app/Contents/Developer/Platforms/iPhoneSimulator.platform/Developer/Library/Xcode/Agents/XCTRunner.app/Info.plist (in target 'ArgusUITests' from project 'Argus')
    cd /Users/jandrews/devel/swift/Argus-app
    builtin-copyPlist --validate --convert xml1 --macro-expansion WRAPPEDPRODUCTNAME ArgusUITests-Runner --macro-expansion WRAPPEDPRODUCTBUNDLEIDENTIFIER com.andrews.Argus.ArgusUITests.xctrunner --macro-expansion TESTPRODUCTNAME ArgusUITests --macro-expansion TESTPRODUCTBUNDLEIDENTIFIER com.andrews.Argus.ArgusUITests --copy-value UIDeviceFamily /Users/jandrews/Library/Developer/Xcode/DerivedData/Argus-dciofsjewcrtqnafhqonvosebghg/Build/Products/Debug-iphonesimulator/ArgusUITests-Runner.app/PlugIns/ArgusUITests.xctest/Info.plist --outdir /Users/jandrews/Library/Developer/Xcode/DerivedData/Argus-dciofsjewcrtqnafhqonvosebghg/Build/Products/Debug-iphonesimulator/ArgusUITests-Runner.app -- /Applications/Xcode.app/Contents/Developer/Platforms/iPhoneSimulator.platform/Developer/Library/Xcode/Agents/XCTRunner.app/Info.plist

Copy /Users/jandrews/Library/Developer/Xcode/DerivedData/Argus-dciofsjewcrtqnafhqonvosebghg/Build/Products/Debug-iphonesimulator/ArgusUITests-Runner.app/PkgInfo /Applications/Xcode.app/Contents/Developer/Platforms/iPhoneSimulator.platform/Developer/Library/Xcode/Agents/XCTRunner.app/PkgInfo (in target 'ArgusUITests' from project 'Argus')
    cd /Users/jandrews/devel/swift/Argus-app
    builtin-copy -exclude .DS_Store -exclude CVS -exclude .svn -exclude .git -exclude .hg -resolve-src-symlinks /Applications/Xcode.app/Contents/Developer/Platforms/iPhoneSimulator.platform/Developer/Library/Xcode/Agents/XCTRunner.app/PkgInfo /Users/jandrews/Library/Developer/Xcode/DerivedData/Argus-dciofsjewcrtqnafhqonvosebghg/Build/Products/Debug-iphonesimulator/ArgusUITests-Runner.app

MkDir /Users/jandrews/Library/Developer/Xcode/DerivedData/Argus-dciofsjewcrtqnafhqonvosebghg/Build/Products/Debug-iphonesimulator/ArgusUITests-Runner.app (in target 'ArgusUITests' from project 'Argus')
    cd /Users/jandrews/devel/swift/Argus-app
    /bin/mkdir -p /Users/jandrews/Library/Developer/Xcode/DerivedData/Argus-dciofsjewcrtqnafhqonvosebghg/Build/Products/Debug-iphonesimulator/ArgusUITests-Runner.app

CopyAndPreserveArchs /Users/jandrews/Library/Developer/Xcode/DerivedData/Argus-dciofsjewcrtqnafhqonvosebghg/Build/Products/Debug-iphonesimulator/ArgusUITests-Runner.app/ArgusUITests-Runner (in target 'ArgusUITests' from project 'Argus')
    cd /Users/jandrews/devel/swift/Argus-app
    /Applications/Xcode.app/Contents/Developer/Toolchains/XcodeDefault.xctoolchain/usr/bin/lipo /Applications/Xcode.app/Contents/Developer/Platforms/iPhoneSimulator.platform/Developer/Library/Xcode/Agents/XCTRunner.app/XCTRunner -output /Users/jandrews/Library/Developer/Xcode/DerivedData/Argus-dciofsjewcrtqnafhqonvosebghg/Build/Products/Debug-iphonesimulator/ArgusUITests-Runner.app/ArgusUITests-Runner -extract arm64

Copy /Users/jandrews/Library/Developer/Xcode/DerivedData/Argus-dciofsjewcrtqnafhqonvosebghg/Build/Products/Debug-iphonesimulator/ArgusUITests-Runner.app/Frameworks/XCUIAutomation.framework /Applications/Xcode.app/Contents/Developer/Platforms/iPhoneSimulator.platform/Developer/Library/Frameworks/XCUIAutomation.framework (in target 'ArgusUITests' from project 'Argus')
    cd /Users/jandrews/devel/swift/Argus-app
    builtin-copy -exclude .DS_Store -exclude CVS -exclude .svn -exclude .git -exclude .hg -exclude Headers -exclude PrivateHeaders -exclude Modules -exclude \*.tbd -resolve-src-symlinks /Applications/Xcode.app/Contents/Developer/Platforms/iPhoneSimulator.platform/Developer/Library/Frameworks/XCUIAutomation.framework /Users/jandrews/Library/Developer/Xcode/DerivedData/Argus-dciofsjewcrtqnafhqonvosebghg/Build/Products/Debug-iphonesimulator/ArgusUITests-Runner.app/Frameworks

Copy /Users/jandrews/Library/Developer/Xcode/DerivedData/Argus-dciofsjewcrtqnafhqonvosebghg/Build/Products/Debug-iphonesimulator/ArgusUITests-Runner.app/Frameworks/XCTestSupport.framework /Applications/Xcode.app/Contents/Developer/Platforms/iPhoneSimulator.platform/Developer/Library/PrivateFrameworks/XCTestSupport.framework (in target 'ArgusUITests' from project 'Argus')
    cd /Users/jandrews/devel/swift/Argus-app
    builtin-copy -exclude .DS_Store -exclude CVS -exclude .svn -exclude .git -exclude .hg -exclude Headers -exclude PrivateHeaders -exclude Modules -exclude \*.tbd -resolve-src-symlinks /Applications/Xcode.app/Contents/Developer/Platforms/iPhoneSimulator.platform/Developer/Library/PrivateFrameworks/XCTestSupport.framework /Users/jandrews/Library/Developer/Xcode/DerivedData/Argus-dciofsjewcrtqnafhqonvosebghg/Build/Products/Debug-iphonesimulator/ArgusUITests-Runner.app/Frameworks

Copy /Users/jandrews/Library/Developer/Xcode/DerivedData/Argus-dciofsjewcrtqnafhqonvosebghg/Build/Products/Debug-iphonesimulator/ArgusUITests-Runner.app/Frameworks/XCTestCore.framework /Applications/Xcode.app/Contents/Developer/Platforms/iPhoneSimulator.platform/Developer/Library/PrivateFrameworks/XCTestCore.framework (in target 'ArgusUITests' from project 'Argus')
    cd /Users/jandrews/devel/swift/Argus-app
    builtin-copy -exclude .DS_Store -exclude CVS -exclude .svn -exclude .git -exclude .hg -exclude Headers -exclude PrivateHeaders -exclude Modules -exclude \*.tbd -resolve-src-symlinks /Applications/Xcode.app/Contents/Developer/Platforms/iPhoneSimulator.platform/Developer/Library/PrivateFrameworks/XCTestCore.framework /Users/jandrews/Library/Developer/Xcode/DerivedData/Argus-dciofsjewcrtqnafhqonvosebghg/Build/Products/Debug-iphonesimulator/ArgusUITests-Runner.app/Frameworks

Copy /Users/jandrews/Library/Developer/Xcode/DerivedData/Argus-dciofsjewcrtqnafhqonvosebghg/Build/Products/Debug-iphonesimulator/ArgusUITests-Runner.app/Frameworks/XCTAutomationSupport.framework /Applications/Xcode.app/Contents/Developer/Platforms/iPhoneSimulator.platform/Developer/Library/PrivateFrameworks/XCTAutomationSupport.framework (in target 'ArgusUITests' from project 'Argus')
    cd /Users/jandrews/devel/swift/Argus-app
    builtin-copy -exclude .DS_Store -exclude CVS -exclude .svn -exclude .git -exclude .hg -exclude Headers -exclude PrivateHeaders -exclude Modules -exclude \*.tbd -resolve-src-symlinks /Applications/Xcode.app/Contents/Developer/Platforms/iPhoneSimulator.platform/Developer/Library/PrivateFrameworks/XCTAutomationSupport.framework /Users/jandrews/Library/Developer/Xcode/DerivedData/Argus-dciofsjewcrtqnafhqonvosebghg/Build/Products/Debug-iphonesimulator/ArgusUITests-Runner.app/Frameworks

Copy /Users/jandrews/Library/Developer/Xcode/DerivedData/Argus-dciofsjewcrtqnafhqonvosebghg/Build/Products/Debug-iphonesimulator/ArgusUITests-Runner.app/Frameworks/XCTest.framework /Applications/Xcode.app/Contents/Developer/Platforms/iPhoneSimulator.platform/Developer/Library/Frameworks/XCTest.framework (in target 'ArgusUITests' from project 'Argus')
    cd /Users/jandrews/devel/swift/Argus-app
    builtin-copy -exclude .DS_Store -exclude CVS -exclude .svn -exclude .git -exclude .hg -exclude Headers -exclude PrivateHeaders -exclude Modules -exclude \*.tbd -resolve-src-symlinks /Applications/Xcode.app/Contents/Developer/Platforms/iPhoneSimulator.platform/Developer/Library/Frameworks/XCTest.framework /Users/jandrews/Library/Developer/Xcode/DerivedData/Argus-dciofsjewcrtqnafhqonvosebghg/Build/Products/Debug-iphonesimulator/ArgusUITests-Runner.app/Frameworks

Copy /Users/jandrews/Library/Developer/Xcode/DerivedData/Argus-dciofsjewcrtqnafhqonvosebghg/Build/Products/Debug-iphonesimulator/ArgusUITests-Runner.app/Frameworks/libXCTestSwiftSupport.dylib /Applications/Xcode.app/Contents/Developer/Platforms/iPhoneSimulator.platform/Developer/usr/lib/libXCTestSwiftSupport.dylib (in target 'ArgusUITests' from project 'Argus')
    cd /Users/jandrews/devel/swift/Argus-app
    builtin-copy -exclude .DS_Store -exclude CVS -exclude .svn -exclude .git -exclude .hg -exclude Headers -exclude PrivateHeaders -exclude Modules -exclude \*.tbd -resolve-src-symlinks /Applications/Xcode.app/Contents/Developer/Platforms/iPhoneSimulator.platform/Developer/usr/lib/libXCTestSwiftSupport.dylib /Users/jandrews/Library/Developer/Xcode/DerivedData/Argus-dciofsjewcrtqnafhqonvosebghg/Build/Products/Debug-iphonesimulator/ArgusUITests-Runner.app/Frameworks

Copy /Users/jandrews/Library/Developer/Xcode/DerivedData/Argus-dciofsjewcrtqnafhqonvosebghg/Build/Products/Debug-iphonesimulator/ArgusUITests-Runner.app/Frameworks/XCUnit.framework /Applications/Xcode.app/Contents/Developer/Platforms/iPhoneSimulator.platform/Developer/Library/PrivateFrameworks/XCUnit.framework (in target 'ArgusUITests' from project 'Argus')
    cd /Users/jandrews/devel/swift/Argus-app
    builtin-copy -exclude .DS_Store -exclude CVS -exclude .svn -exclude .git -exclude .hg -exclude Headers -exclude PrivateHeaders -exclude Modules -exclude \*.tbd -resolve-src-symlinks /Applications/Xcode.app/Contents/Developer/Platforms/iPhoneSimulator.platform/Developer/Library/PrivateFrameworks/XCUnit.framework /Users/jandrews/Library/Developer/Xcode/DerivedData/Argus-dciofsjewcrtqnafhqonvosebghg/Build/Products/Debug-iphonesimulator/ArgusUITests-Runner.app/Frameworks

Copy /Users/jandrews/Library/Developer/Xcode/DerivedData/Argus-dciofsjewcrtqnafhqonvosebghg/Build/Products/Debug-iphonesimulator/ArgusUITests-Runner.app/Frameworks/Testing.framework /Applications/Xcode.app/Contents/Developer/Platforms/iPhoneSimulator.platform/Developer/Library/Frameworks/Testing.framework (in target 'ArgusUITests' from project 'Argus')
    cd /Users/jandrews/devel/swift/Argus-app
    builtin-copy -exclude .DS_Store -exclude CVS -exclude .svn -exclude .git -exclude .hg -exclude Headers -exclude PrivateHeaders -exclude Modules -exclude \*.tbd -resolve-src-symlinks /Applications/Xcode.app/Contents/Developer/Platforms/iPhoneSimulator.platform/Developer/Library/Frameworks/Testing.framework /Users/jandrews/Library/Developer/Xcode/DerivedData/Argus-dciofsjewcrtqnafhqonvosebghg/Build/Products/Debug-iphonesimulator/ArgusUITests-Runner.app/Frameworks

CodeSign /Users/jandrews/Library/Developer/Xcode/DerivedData/Argus-dciofsjewcrtqnafhqonvosebghg/Build/Products/Debug-iphonesimulator/ArgusUITests-Runner.app/PlugIns/ArgusUITests.xctest (in target 'ArgusUITests' from project 'Argus')
    cd /Users/jandrews/devel/swift/Argus-app
    
    Signing Identity:     "Sign to Run Locally"
    
    /usr/bin/codesign --force --sign - --timestamp\=none --generate-entitlement-der /Users/jandrews/Library/Developer/Xcode/DerivedData/Argus-dciofsjewcrtqnafhqonvosebghg/Build/Products/Debug-iphonesimulator/ArgusUITests-Runner.app/PlugIns/ArgusUITests.xctest

CodeSign /Users/jandrews/Library/Developer/Xcode/DerivedData/Argus-dciofsjewcrtqnafhqonvosebghg/Build/Products/Debug-iphonesimulator/ArgusUITests-Runner.app (in target 'ArgusUITests' from project 'Argus')
    cd /Users/jandrews/devel/swift/Argus-app
    
    Signing Identity:     "Sign to Run Locally"
    
    /usr/bin/codesign --force --sign - --timestamp\=none --generate-entitlement-der /Users/jandrews/Library/Developer/Xcode/DerivedData/Argus-dciofsjewcrtqnafhqonvosebghg/Build/Products/Debug-iphonesimulator/ArgusUITests-Runner.app
/Users/jandrews/Library/Developer/Xcode/DerivedData/Argus-dciofsjewcrtqnafhqonvosebghg/Build/Products/Debug-iphonesimulator/ArgusUITests-Runner.app: replacing existing signature

RegisterExecutionPolicyException /Users/jandrews/Library/Developer/Xcode/DerivedData/Argus-dciofsjewcrtqnafhqonvosebghg/Build/Products/Debug-iphonesimulator/ArgusUITests-Runner.app/PlugIns/ArgusUITests.xctest (in target 'ArgusUITests' from project 'Argus')
    cd /Users/jandrews/devel/swift/Argus-app
    builtin-RegisterExecutionPolicyException /Users/jandrews/Library/Developer/Xcode/DerivedData/Argus-dciofsjewcrtqnafhqonvosebghg/Build/Products/Debug-iphonesimulator/ArgusUITests-Runner.app/PlugIns/ArgusUITests.xctest

Touch /Users/jandrews/Library/Developer/Xcode/DerivedData/Argus-dciofsjewcrtqnafhqonvosebghg/Build/Products/Debug-iphonesimulator/ArgusUITests-Runner.app/PlugIns/ArgusUITests.xctest (in target 'ArgusUITests' from project 'Argus')
    cd /Users/jandrews/devel/swift/Argus-app
    /usr/bin/touch -c /Users/jandrews/Library/Developer/Xcode/DerivedData/Argus-dciofsjewcrtqnafhqonvosebghg/Build/Products/Debug-iphonesimulator/ArgusUITests-Runner.app/PlugIns/ArgusUITests.xctest

note: Removed stale file '/Users/jandrews/Library/Developer/Xcode/DerivedData/Argus-dciofsjewcrtqnafhqonvosebghg/Build/Intermediates.noindex/Argus.build/Debug-iphonesimulator/ArgusTests.build/Objects-normal/arm64/NewsDetailViewModelCounterTests.swiftconstvalues'

2025-10-07 18:24:07.293 xcodebuild[88692:141565664] [MT] IDELaunchReport: bed0d656abc98b00:bed0d656abc98b00: Finished with error: Invalid device state
Domain: com.apple.CoreSimulator.SimError
Code: 405
User Info: {
    DVTErrorCreationDateKey = "2025-10-07 16:24:07 +0000";
    IDERunOperationFailingWorker = IDELaunchiPhoneSimulatorLauncher;
    SimCallingSelector = "installApplication:withOptions:error:";
}
--
The operation couldn’t be completed. (Mach error -308 - (ipc/mig) server died)
Domain: NSMachErrorDomain
Code: -308
--

2025-10-07 18:24:07.293 xcodebuild[88692:141565664] [MT] IDELaunchReport: bed0d656abc98b00:bed0d656abc98b00: com.apple.dt.IDERunOperationWorkerFinished {
    "device_identifier" = "DD439625-C73D-4D1A-9E8F-E99ADEE93CA0";
    "device_model" = "iPhone17,1";
    "device_osBuild" = "18.2 (22C150)";
    "device_osBuild_monotonic" = 2202015000;
    "device_os_variant" = 1;
    "device_platform" = "com.apple.platform.iphonesimulator";
    "device_platform_family" = 2;
    "device_reality" = 2;
    "device_thinningType" = "iPhone17,1";
    "device_transport" = 4;
    "launchSession_schemeCommand" = Test;
    "launchSession_schemeCommand_enum" = 2;
    "launchSession_targetArch" = arm64;
    "launchSession_targetArch_enum" = 6;
    "operation_duration_ms" = 3783;
    "operation_errorCode" = 405;
    "operation_errorDomain" = "com.apple.CoreSimulator.SimError";
    "operation_errorWorker" = IDELaunchiPhoneSimulatorLauncher;
    "operation_error_reportable" = 1;
    "operation_name" = IDERunOperationWorkerGroup;
    "param_consoleMode" = 0;
    "param_debugger_attachToExtensions" = 0;
    "param_debugger_attachToXPC" = 0;
    "param_debugger_type" = 1;
    "param_destination_isProxy" = 0;
    "param_destination_platform" = "com.apple.platform.iphonesimulator";
    "param_diag_MTE_enable" = 0;
    "param_diag_MainThreadChecker_stopOnIssue" = 0;
    "param_diag_MallocStackLogging_enableDuringAttach" = 0;
    "param_diag_MallocStackLogging_enableForXPC" = 0;
    "param_diag_allowLocationSimulation" = 1;
    "param_diag_checker_mtc_enable" = 0;
    "param_diag_checker_tpc_enable" = 1;
    "param_diag_gpu_frameCapture_enable" = 3;
    "param_diag_gpu_shaderValidation_enable" = 0;
    "param_diag_gpu_validation_enable" = 1;
    "param_diag_guardMalloc_enable" = 0;
    "param_diag_memoryGraphOnResourceException" = 0;
    "param_diag_queueDebugging_enable" = 1;
    "param_diag_runtimeProfile_generate" = 1;
    "param_diag_sanitizer_asan_enable" = 0;
    "param_diag_sanitizer_tsan_enable" = 0;
    "param_diag_sanitizer_tsan_stopOnIssue" = 0;
    "param_diag_sanitizer_ubsan_enable" = 0;
    "param_diag_sanitizer_ubsan_stopOnIssue" = 0;
    "param_diag_showNonLocalizedStrings" = 0;
    "param_diag_viewDebugging_enabled" = 0;
    "param_diag_viewDebugging_insertDylibOnLaunch" = 0;
    "param_install_style" = 2;
    "param_launcher_UID" = 2;
    "param_launcher_allowDeviceSensorReplayData" = 0;
    "param_launcher_kind" = 0;
    "param_launcher_style" = 0;
    "param_launcher_substyle" = 64;
    "param_lldbVersion_component_idx_1" = 0;
    "param_lldbVersion_monotonic" = 170300310002;
    "param_runnable_appExtensionHostRunMode" = 0;
    "param_runnable_productType" = "com.apple.product-type.application";
    "param_testing_launchedForTesting" = 1;
    "param_testing_suppressSimulatorApp" = 1;
    "param_testing_usingCLI" = 0;
    "sdk_canonicalName" = "iphonesimulator26.0";
    "sdk_osVersion" = "26.0";
    "sdk_platformID" = 7;
    "sdk_variant" = iphonesimulator;
    "sdk_version_monotonic" = 2300033900;
}
2025-10-07 18:24:07.972 xcodebuild[88692:141565664] [MT] IDELaunchReport: bed0d656a7c62cc0:bed0d656a7c62cc0: Finished with error: Invalid device state
Domain: com.apple.CoreSimulator.SimError
Code: 405
User Info: {
    DVTErrorCreationDateKey = "2025-10-07 16:24:07 +0000";
    IDERunOperationFailingWorker = IDELaunchiPhoneSimulatorLauncher;
    SimCallingSelector = "installApplication:withOptions:error:";
}
--
The operation couldn’t be completed. (Mach error -308 - (ipc/mig) server died)
Domain: NSMachErrorDomain
Code: -308
--

2025-10-07 18:24:07.975 xcodebuild[88692:141565664] [MT] IDELaunchReport: bed0d656a7c62cc0:bed0d656a7c62cc0: com.apple.dt.IDERunOperationWorkerFinished {
    "device_identifier" = "DD439625-C73D-4D1A-9E8F-E99ADEE93CA0";
    "device_model" = "iPhone17,1";
    "device_osBuild" = "18.2 (22C150)";
    "device_osBuild_monotonic" = 2202015000;
    "device_os_variant" = 1;
    "device_platform" = "com.apple.platform.iphonesimulator";
    "device_platform_family" = 2;
    "device_reality" = 2;
    "device_thinningType" = "iPhone17,1";
    "device_transport" = 4;
    "launchSession_schemeCommand" = Test;
    "launchSession_schemeCommand_enum" = 2;
    "launchSession_targetArch" = arm64;
    "launchSession_targetArch_enum" = 6;
    "operation_duration_ms" = 4337;
    "operation_errorCode" = 405;
    "operation_errorDomain" = "com.apple.CoreSimulator.SimError";
    "operation_errorWorker" = IDELaunchiPhoneSimulatorLauncher;
    "operation_error_reportable" = 1;
    "operation_name" = IDERunOperationWorkerGroup;
    "param_consoleMode" = 0;
    "param_debugger_attachToExtensions" = 0;
    "param_debugger_attachToXPC" = 0;
    "param_debugger_type" = 1;
    "param_destination_isProxy" = 0;
    "param_destination_platform" = "com.apple.platform.iphonesimulator";
    "param_diag_MTE_enable" = 0;
    "param_diag_MainThreadChecker_stopOnIssue" = 0;
    "param_diag_MallocStackLogging_enableDuringAttach" = 0;
    "param_diag_MallocStackLogging_enableForXPC" = 0;
    "param_diag_allowLocationSimulation" = 1;
    "param_diag_checker_mtc_enable" = 0;
    "param_diag_checker_tpc_enable" = 1;
    "param_diag_gpu_frameCapture_enable" = 3;
    "param_diag_gpu_shaderValidation_enable" = 0;
    "param_diag_gpu_validation_enable" = 1;
    "param_diag_guardMalloc_enable" = 0;
    "param_diag_memoryGraphOnResourceException" = 0;
    "param_diag_queueDebugging_enable" = 1;
    "param_diag_runtimeProfile_generate" = 1;
    "param_diag_sanitizer_asan_enable" = 0;
    "param_diag_sanitizer_tsan_enable" = 0;
    "param_diag_sanitizer_tsan_stopOnIssue" = 0;
    "param_diag_sanitizer_ubsan_enable" = 0;
    "param_diag_sanitizer_ubsan_stopOnIssue" = 0;
    "param_diag_showNonLocalizedStrings" = 0;
    "param_diag_viewDebugging_enabled" = 0;
    "param_diag_viewDebugging_insertDylibOnLaunch" = 0;
    "param_install_style" = 2;
    "param_launcher_UID" = 2;
    "param_launcher_allowDeviceSensorReplayData" = 0;
    "param_launcher_kind" = 0;
    "param_launcher_style" = 0;
    "param_launcher_substyle" = 64;
    "param_lldbVersion_component_idx_1" = 0;
    "param_lldbVersion_monotonic" = 170300310002;
    "param_runnable_appExtensionHostRunMode" = 0;
    "param_runnable_productType" = "com.apple.product-type.application";
    "param_testing_launchedForTesting" = 1;
    "param_testing_suppressSimulatorApp" = 1;
    "param_testing_usingCLI" = 0;
    "sdk_canonicalName" = "iphonesimulator26.0";
    "sdk_osVersion" = "26.0";
    "sdk_platformID" = 7;
    "sdk_variant" = iphonesimulator;
    "sdk_version_monotonic" = 2300033900;
}
2025-10-07 18:24:08.517 xcodebuild[88692:141565664] [MT] IDELaunchReport: bed0d656ab433200:bed0d656ab433200: Finished with error: Invalid device state
Domain: com.apple.CoreSimulator.SimError
Code: 405
User Info: {
    DVTErrorCreationDateKey = "2025-10-07 16:24:08 +0000";
    IDERunOperationFailingWorker = IDELaunchiPhoneSimulatorLauncher;
    SimCallingSelector = "installApplication:withOptions:error:";
}
--
The operation couldn’t be completed. (Mach error -308 - (ipc/mig) server died)
Domain: NSMachErrorDomain
Code: -308
--

2025-10-07 18:24:08.517 xcodebuild[88692:141565664] [MT] IDELaunchReport: bed0d656ab433200:bed0d656ab433200: com.apple.dt.IDERunOperationWorkerFinished {
    "device_identifier" = "DD439625-C73D-4D1A-9E8F-E99ADEE93CA0";
    "device_model" = "iPhone17,1";
    "device_osBuild" = "18.2 (22C150)";
    "device_osBuild_monotonic" = 2202015000;
    "device_os_variant" = 1;
    "device_platform" = "com.apple.platform.iphonesimulator";
    "device_platform_family" = 2;
    "device_reality" = 2;
    "device_thinningType" = "iPhone17,1";
    "device_transport" = 4;
    "launchSession_schemeCommand" = Test;
    "launchSession_schemeCommand_enum" = 2;
    "launchSession_targetArch" = arm64;
    "launchSession_targetArch_enum" = 6;
    "operation_duration_ms" = 5751;
    "operation_errorCode" = 405;
    "operation_errorDomain" = "com.apple.CoreSimulator.SimError";
    "operation_errorWorker" = IDELaunchiPhoneSimulatorLauncher;
    "operation_error_reportable" = 1;
    "operation_name" = IDERunOperationWorkerGroup;
    "param_consoleMode" = 0;
    "param_debugger_attachToExtensions" = 0;
    "param_debugger_attachToXPC" = 0;
    "param_debugger_type" = 1;
    "param_destination_isProxy" = 0;
    "param_destination_platform" = "com.apple.platform.iphonesimulator";
    "param_diag_MTE_enable" = 0;
    "param_diag_MainThreadChecker_stopOnIssue" = 0;
    "param_diag_MallocStackLogging_enableDuringAttach" = 0;
    "param_diag_MallocStackLogging_enableForXPC" = 0;
    "param_diag_allowLocationSimulation" = 1;
    "param_diag_checker_mtc_enable" = 0;
    "param_diag_checker_tpc_enable" = 1;
    "param_diag_gpu_frameCapture_enable" = 3;
    "param_diag_gpu_shaderValidation_enable" = 0;
    "param_diag_gpu_validation_enable" = 1;
    "param_diag_guardMalloc_enable" = 0;
    "param_diag_memoryGraphOnResourceException" = 0;
    "param_diag_queueDebugging_enable" = 1;
    "param_diag_runtimeProfile_generate" = 1;
    "param_diag_sanitizer_asan_enable" = 0;
    "param_diag_sanitizer_tsan_enable" = 0;
    "param_diag_sanitizer_tsan_stopOnIssue" = 0;
    "param_diag_sanitizer_ubsan_enable" = 0;
    "param_diag_sanitizer_ubsan_stopOnIssue" = 0;
    "param_diag_showNonLocalizedStrings" = 0;
    "param_diag_viewDebugging_enabled" = 0;
    "param_diag_viewDebugging_insertDylibOnLaunch" = 0;
    "param_install_style" = 2;
    "param_launcher_UID" = 2;
    "param_launcher_allowDeviceSensorReplayData" = 0;
    "param_launcher_kind" = 0;
    "param_launcher_style" = 0;
    "param_launcher_substyle" = 64;
    "param_lldbVersion_component_idx_1" = 0;
    "param_lldbVersion_monotonic" = 170300310002;
    "param_runnable_appExtensionHostRunMode" = 0;
    "param_runnable_productType" = "com.apple.product-type.application";
    "param_testing_launchedForTesting" = 1;
    "param_testing_suppressSimulatorApp" = 1;
    "param_testing_usingCLI" = 0;
    "sdk_canonicalName" = "iphonesimulator26.0";
    "sdk_osVersion" = "26.0";
    "sdk_platformID" = 7;
    "sdk_variant" = iphonesimulator;
    "sdk_version_monotonic" = 2300033900;
}
2025-10-07 18:24:09.503 xcodebuild[88692:141570307]  iOSSimulator: FC180818-EAED-4D0B-98D3-7DDB574AEC01: Failed to launch app with identifier: com.andrews.Argus.Argus and options: {
    "activate_suspended" = 0;
    arguments =     (
        "--uitesting",
        "--performance-test"
    );
    binpref = arm64;
    environment =     {
        "APP_DISTRIBUTOR_ID_OVERRIDE" = "com.apple.AppStore";
        "CA_ASSERT_MAIN_THREAD_TRANSACTIONS" = 0;
        "CA_DEBUG_TRANSACTIONS" = 0;
        "DYLD_FRAMEWORK_PATH" = "/Users/jandrews/Library/Developer/Xcode/DerivedData/Argus-dciofsjewcrtqnafhqonvosebghg/Build/Products/Debug-iphonesimulator:/Users/jandrews/Library/Developer/Xcode/DerivedData/Argus-dciofsjewcrtqnafhqonvosebghg/Build/Products/Debug-iphonesimulator/PackageFrameworks";
        "DYLD_INSERT_LIBRARIES" = "/Library/Developer/CoreSimulator/Volumes/iOS_22C150/Library/Developer/CoreSimulator/Profiles/Runtimes/iOS 18.2.simruntime/Contents/Resources/RuntimeRoot/usr/lib/libMainThreadChecker.dylib:/usr/lib/libRPAC.dylib:/usr/lib/libRPAC.dylib";
        "DYLD_LIBRARY_PATH" = "/Users/jandrews/Library/Developer/Xcode/DerivedData/Argus-dciofsjewcrtqnafhqonvosebghg/Build/Products/Debug-iphonesimulator";
        "LLVM_PROFILE_FILE" = "/var/folders/bz/hwzt5rlx7bvf1gh1ff02w85m0000gn/T/com.andrews.Argus.Argus/4E1BDF3A-DD72-4B40-9225-6FAAD78A6DC9-88692-00003734B8A39149/8E64D5FC-E7E5-4D6B-A49A-D5A8D254FCE6-%p%c.profraw";
        NSApplicationQuitWithoutSuddenTermination = YES;
        NSUnbufferedIO = YES;
        "OS_ACTIVITY_DT_MODE" = YES;
        "OS_ACTIVITY_MODE" = info;
        "PERFC_ENABLE_EXTENDED_DIAGNOSTIC_FORMAT" = 1;
        "PERFC_ENABLE_PROFILE_MODE" = 1;
        "PERFC_RESET_INSERT_LIBRARIES" = 1;
        "PERFC_SUPPRESS_SYSTEM_REPORTS" = 1;
        TERM = dumb;
        "XCODE_SCHEME_NAME" = Argus;
        "XCODE_TEST_PLAN_NAME" = Argus;
        "__XCODE_BUILT_PRODUCTS_DIR_PATHS" = "/Users/jandrews/Library/Developer/Xcode/DerivedData/Argus-dciofsjewcrtqnafhqonvosebghg/Build/Products/Debug-iphonesimulator";
        "__XPC_DYLD_FRAMEWORK_PATH" = "/Users/jandrews/Library/Developer/Xcode/DerivedData/Argus-dciofsjewcrtqnafhqonvosebghg/Build/Products/Debug-iphonesimulator";
        "__XPC_DYLD_LIBRARY_PATH" = "/Users/jandrews/Library/Developer/Xcode/DerivedData/Argus-dciofsjewcrtqnafhqonvosebghg/Build/Products/Debug-iphonesimulator";
        "__XPC_LLVM_PROFILE_FILE" = "/var/folders/bz/hwzt5rlx7bvf1gh1ff02w85m0000gn/T/com.andrews.Argus.Argus/4E1BDF3A-DD72-4B40-9225-6FAAD78A6DC9-88692-00003734B8A39149/8E64D5FC-E7E5-4D6B-A49A-D5A8D254FCE6-%p%c.profraw";
    };
    stderr = "/dev/ttys083";
    stdout = "/dev/ttys083";
    "terminate_running_process" = 1;
    "wait_for_debugger" = 1;
} (error = Error Domain=NSMachErrorDomain Code=-308 "(ipc/mig) server died")
2025-10-07 18:24:09.511 xcodebuild[88692:141565664] [MT] IDELaunchReport: bed0d656abc96a00:bed0d656abc96a00: Finished with error: The operation couldn’t be completed. (Mach error -308 - (ipc/mig) server died)
Domain: NSMachErrorDomain
Code: -308
User Info: {
    DVTErrorCreationDateKey = "2025-10-07 16:24:09 +0000";
    IDERunOperationFailingWorker = IDELaunchiPhoneSimulatorLauncher;
}
--

2025-10-07 18:24:09.511 xcodebuild[88692:141565664] [MT] IDELaunchReport: bed0d656abc96a00:bed0d656abc96a00: com.apple.dt.IDERunOperationWorkerFinished {
    "device_identifier" = "DD439625-C73D-4D1A-9E8F-E99ADEE93CA0";
    "device_model" = "iPhone17,1";
    "device_osBuild" = "18.2 (22C150)";
    "device_osBuild_monotonic" = 2202015000;
    "device_os_variant" = 1;
    "device_platform" = "com.apple.platform.iphonesimulator";
    "device_platform_family" = 2;
    "device_reality" = 2;
    "device_thinningType" = "iPhone17,1";
    "device_transport" = 4;
    "launchSession_schemeCommand" = Test;
    "launchSession_schemeCommand_enum" = 2;
    "launchSession_targetArch" = arm64;
    "launchSession_targetArch_enum" = 6;
    "operation_duration_ms" = 1116;
    "operation_errorCode" = "-308";
    "operation_errorDomain" = NSMachErrorDomain;
    "operation_errorWorker" = IDELaunchiPhoneSimulatorLauncher;
    "operation_error_reportable" = 1;
    "operation_name" = IDERunOperationWorkerGroup;
    "param_consoleMode" = 0;
    "param_debugger_attachToExtensions" = 0;
    "param_debugger_attachToXPC" = 0;
    "param_debugger_type" = 1;
    "param_destination_isProxy" = 0;
    "param_destination_platform" = "com.apple.platform.iphonesimulator";
    "param_diag_MTE_enable" = 0;
    "param_diag_MainThreadChecker_stopOnIssue" = 0;
    "param_diag_MallocStackLogging_enableDuringAttach" = 0;
    "param_diag_MallocStackLogging_enableForXPC" = 0;
    "param_diag_allowLocationSimulation" = 0;
    "param_diag_checker_mtc_enable" = 0;
    "param_diag_checker_tpc_enable" = 1;
    "param_diag_gpu_frameCapture_enable" = 3;
    "param_diag_gpu_shaderValidation_enable" = 0;
    "param_diag_gpu_validation_enable" = 1;
    "param_diag_guardMalloc_enable" = 0;
    "param_diag_memoryGraphOnResourceException" = 0;
    "param_diag_queueDebugging_enable" = 1;
    "param_diag_runtimeProfile_generate" = 1;
    "param_diag_sanitizer_asan_enable" = 0;
    "param_diag_sanitizer_tsan_enable" = 0;
    "param_diag_sanitizer_tsan_stopOnIssue" = 0;
    "param_diag_sanitizer_ubsan_enable" = 0;
    "param_diag_sanitizer_ubsan_stopOnIssue" = 0;
    "param_diag_showNonLocalizedStrings" = 0;
    "param_diag_viewDebugging_enabled" = 0;
    "param_diag_viewDebugging_insertDylibOnLaunch" = 0;
    "param_install_style" = 2;
    "param_launcher_UID" = 2;
    "param_launcher_allowDeviceSensorReplayData" = 0;
    "param_launcher_kind" = 0;
    "param_launcher_style" = 0;
    "param_launcher_substyle" = 0;
    "param_lldbVersion_component_idx_1" = 0;
    "param_lldbVersion_monotonic" = 170300310002;
    "param_runnable_appExtensionHostRunMode" = 0;
    "param_testing_launchedForTesting" = 1;
    "param_testing_suppressSimulatorApp" = 1;
    "param_testing_usingCLI" = 0;
    "sdk_canonicalName" = "iphonesimulator26.0";
    "sdk_osVersion" = "26.0";
    "sdk_platformID" = 7;
    "sdk_variant" = iphonesimulator;
    "sdk_version_monotonic" = 2300033900;
}
🔍 Monitoring test progress... (6 * 5s elapsed)
2025-10-07 18:24:35.654 xcodebuild[88692:141570039]  iOSSimulator: FC180818-EAED-4D0B-98D3-7DDB574AEC01: Failed to launch app with identifier: com.andrews.Argus.Argus and options: {
    "activate_suspended" = 0;
    arguments =     (
        "--uitesting",
        "--performance-test"
    );
    binpref = arm64;
    environment =     {
        "APP_DISTRIBUTOR_ID_OVERRIDE" = "com.apple.AppStore";
        "CA_ASSERT_MAIN_THREAD_TRANSACTIONS" = 0;
        "CA_DEBUG_TRANSACTIONS" = 0;
        "DYLD_FRAMEWORK_PATH" = "/Users/jandrews/Library/Developer/Xcode/DerivedData/Argus-dciofsjewcrtqnafhqonvosebghg/Build/Products/Debug-iphonesimulator:/Users/jandrews/Library/Developer/Xcode/DerivedData/Argus-dciofsjewcrtqnafhqonvosebghg/Build/Products/Debug-iphonesimulator/PackageFrameworks";
        "DYLD_INSERT_LIBRARIES" = "/Library/Developer/CoreSimulator/Volumes/iOS_22C150/Library/Developer/CoreSimulator/Profiles/Runtimes/iOS 18.2.simruntime/Contents/Resources/RuntimeRoot/usr/lib/libMainThreadChecker.dylib:/usr/lib/libRPAC.dylib:/usr/lib/libRPAC.dylib";
        "DYLD_LIBRARY_PATH" = "/Users/jandrews/Library/Developer/Xcode/DerivedData/Argus-dciofsjewcrtqnafhqonvosebghg/Build/Products/Debug-iphonesimulator";
        "LLVM_PROFILE_FILE" = "/var/folders/bz/hwzt5rlx7bvf1gh1ff02w85m0000gn/T/com.andrews.Argus.Argus/65BA286F-8311-43FF-83FE-52001D177505-88692-00003734DF9AA4D1/E17BEBFF-F4CD-4A8A-956A-7EBA0189BAAD-%p%c.profraw";
        NSApplicationQuitWithoutSuddenTermination = YES;
        NSUnbufferedIO = YES;
        "OS_ACTIVITY_DT_MODE" = YES;
        "OS_ACTIVITY_MODE" = info;
        "PERFC_ENABLE_EXTENDED_DIAGNOSTIC_FORMAT" = 1;
        "PERFC_ENABLE_PROFILE_MODE" = 1;
        "PERFC_RESET_INSERT_LIBRARIES" = 1;
        "PERFC_SUPPRESS_SYSTEM_REPORTS" = 1;
        TERM = dumb;
        "XCODE_SCHEME_NAME" = Argus;
        "XCODE_TEST_PLAN_NAME" = Argus;
        "__XCODE_BUILT_PRODUCTS_DIR_PATHS" = "/Users/jandrews/Library/Developer/Xcode/DerivedData/Argus-dciofsjewcrtqnafhqonvosebghg/Build/Products/Debug-iphonesimulator";
        "__XPC_DYLD_FRAMEWORK_PATH" = "/Users/jandrews/Library/Developer/Xcode/DerivedData/Argus-dciofsjewcrtqnafhqonvosebghg/Build/Products/Debug-iphonesimulator";
        "__XPC_DYLD_LIBRARY_PATH" = "/Users/jandrews/Library/Developer/Xcode/DerivedData/Argus-dciofsjewcrtqnafhqonvosebghg/Build/Products/Debug-iphonesimulator";
        "__XPC_LLVM_PROFILE_FILE" = "/var/folders/bz/hwzt5rlx7bvf1gh1ff02w85m0000gn/T/com.andrews.Argus.Argus/65BA286F-8311-43FF-83FE-52001D177505-88692-00003734DF9AA4D1/E17BEBFF-F4CD-4A8A-956A-7EBA0189BAAD-%p%c.profraw";
    };
    stderr = "/dev/ttys082";
    stdout = "/dev/ttys082";
    "terminate_running_process" = 1;
    "wait_for_debugger" = 1;
} (error = Error Domain=FBSOpenApplicationServiceErrorDomain Code=4 "Simulator device failed to launch com.andrews.Argus.Argus." UserInfo={BSErrorCodeDescription=InvalidRequest, NSUnderlyingError=0x600002b605a0 {Error Domain=FBSOpenApplicationServiceErrorDomain Code=4 "The request to open "com.andrews.Argus.Argus" failed." UserInfo={NSLocalizedDescription=The request to open "com.andrews.Argus.Argus" failed., BSErrorCodeDescription=InvalidRequest, FBSOpenApplicationRequestID=0xfe5e, NSUnderlyingError=0x600002b62c70 {Error Domain=FBSOpenApplicationErrorDomain Code=4 "Application info provider (FBSApplicationLibrary) returned nil for "com.andrews.Argus.Argus"" UserInfo={BSErrorCodeDescription=NotFound, NSLocalizedFailureReason=Application info provider (FBSApplicationLibrary) returned nil for "com.andrews.Argus.Argus"}}}}, FBSOpenApplicationRequestID=0xfe5e, SimCallingSelector=launchApplicationWithID:options:pid:error:, NSLocalizedDescription=Simulator device failed to launch com.andrews.Argus.Argus.})
2025-10-07 18:24:35.656 xcodebuild[88692:141565664] [MT] IDELaunchReport: bed0d656abc91540:bed0d656abc91540: Finished with error: Simulator device failed to launch com.andrews.Argus.Argus.
Domain: FBSOpenApplicationServiceErrorDomain
Code: 4
User Info: {
    BSErrorCodeDescription = InvalidRequest;
    DVTErrorCreationDateKey = "2025-10-07 16:24:35 +0000";
    FBSOpenApplicationRequestID = 0xfe5e;
    IDERunOperationFailingWorker = IDELaunchiPhoneSimulatorLauncher;
    SimCallingSelector = "launchApplicationWithID:options:pid:error:";
}
--
The request to open "com.andrews.Argus.Argus" failed.
Domain: FBSOpenApplicationServiceErrorDomain
Code: 4
User Info: {
    BSErrorCodeDescription = InvalidRequest;
    FBSOpenApplicationRequestID = 0xfe5e;
}
--
The operation couldn’t be completed. Application info provider (FBSApplicationLibrary) returned nil for "com.andrews.Argus.Argus"
Domain: FBSOpenApplicationErrorDomain
Code: 4
Failure Reason: Application info provider (FBSApplicationLibrary) returned nil for "com.andrews.Argus.Argus"
User Info: {
    BSErrorCodeDescription = NotFound;
}
--

2025-10-07 18:24:35.656 xcodebuild[88692:141565664] [MT] IDELaunchReport: bed0d656abc91540:bed0d656abc91540: com.apple.dt.IDERunOperationWorkerFinished {
    "device_identifier" = "DD439625-C73D-4D1A-9E8F-E99ADEE93CA0";
    "device_model" = "iPhone17,1";
    "device_osBuild" = "18.2 (22C150)";
    "device_osBuild_monotonic" = 2202015000;
    "device_os_variant" = 1;
    "device_platform" = "com.apple.platform.iphonesimulator";
    "device_platform_family" = 2;
    "device_reality" = 2;
    "device_thinningType" = "iPhone17,1";
    "device_transport" = 4;
    "launchSession_schemeCommand" = Test;
    "launchSession_schemeCommand_enum" = 2;
    "launchSession_targetArch" = arm64;
    "launchSession_targetArch_enum" = 6;
    "operation_duration_ms" = 23;
    "operation_errorCode" = 4;
    "operation_errorDomain" = FBSOpenApplicationServiceErrorDomain;
    "operation_errorWorker" = IDELaunchiPhoneSimulatorLauncher;
    "operation_error_reportable" = 1;
    "operation_name" = IDERunOperationWorkerGroup;
    "param_consoleMode" = 0;
    "param_debugger_attachToExtensions" = 0;
    "param_debugger_attachToXPC" = 0;
    "param_debugger_type" = 1;
    "param_destination_isProxy" = 0;
    "param_destination_platform" = "com.apple.platform.iphonesimulator";
    "param_diag_MTE_enable" = 0;
    "param_diag_MainThreadChecker_stopOnIssue" = 0;
    "param_diag_MallocStackLogging_enableDuringAttach" = 0;
    "param_diag_MallocStackLogging_enableForXPC" = 0;
    "param_diag_allowLocationSimulation" = 0;
    "param_diag_checker_mtc_enable" = 0;
    "param_diag_checker_tpc_enable" = 1;
    "param_diag_gpu_frameCapture_enable" = 3;
    "param_diag_gpu_shaderValidation_enable" = 0;
    "param_diag_gpu_validation_enable" = 1;
    "param_diag_guardMalloc_enable" = 0;
    "param_diag_memoryGraphOnResourceException" = 0;
    "param_diag_queueDebugging_enable" = 1;
    "param_diag_runtimeProfile_generate" = 1;
    "param_diag_sanitizer_asan_enable" = 0;
    "param_diag_sanitizer_tsan_enable" = 0;
    "param_diag_sanitizer_tsan_stopOnIssue" = 0;
    "param_diag_sanitizer_ubsan_enable" = 0;
    "param_diag_sanitizer_ubsan_stopOnIssue" = 0;
    "param_diag_showNonLocalizedStrings" = 0;
    "param_diag_viewDebugging_enabled" = 0;
    "param_diag_viewDebugging_insertDylibOnLaunch" = 0;
    "param_install_style" = 2;
    "param_launcher_UID" = 2;
    "param_launcher_allowDeviceSensorReplayData" = 0;
    "param_launcher_kind" = 0;
    "param_launcher_style" = 0;
    "param_launcher_substyle" = 0;
    "param_lldbVersion_component_idx_1" = 0;
    "param_lldbVersion_monotonic" = 170300310002;
    "param_runnable_appExtensionHostRunMode" = 0;
    "param_testing_launchedForTesting" = 1;
    "param_testing_suppressSimulatorApp" = 1;
    "param_testing_usingCLI" = 0;
    "sdk_canonicalName" = "iphonesimulator26.0";
    "sdk_osVersion" = "26.0";
    "sdk_platformID" = 7;
    "sdk_variant" = iphonesimulator;
    "sdk_version_monotonic" = 2300033900;
}
🔍 Monitoring test progress... (12 * 5s elapsed)
🔍 Monitoring test progress... (18 * 5s elapsed)
🔍 Monitoring test progress... (24 * 5s elapsed)
